customer_id,customer_name,industry,customer_tier,region,customer_since
1001,Customer_1001,Retail,Small,Midwest,2017-07-18
1002,Customer_1002,Manufacturing,Small,West,2016-10-07
1003,Customer_1003,Healthcare,Mid-Market,Southwest,2020-01-29
1004,Customer_1004,Healthcare,Small,Midwest,2022-06-06
1005,Customer_1005,Manufacturing,Mid-Market,Northeast,2021-12-06
1006,Customer_1006,Manufacturing,Mid-Market,South,2012-01-22
1007,Customer_1007,Retail,Small,Midwest,2018-11-04
1008,Customer_1008,Construction,Mid-Market,Southwest,2023-03-28
1009,Customer_1009,Healthcare,Mid-Market,Southwest,2021-08-10
1010,Customer_1010,Manufacturing,Small,Midwest,2014-12-10
1011,Customer_1011,Construction,Small,Southwest,2015-11-22
1012,Customer_1012,Manufacturing,Mid-Market,Midwest,2023-05-09
1013,Customer_1013,Retail,Mid-Market,Midwest,2010-06-30
1014,Customer_1014,Consumer Goods,Small,Southwest,2017-11-18
1015,Customer_1015,Manufacturing,Small,West,2011-09-28
1016,Customer_1016,Manufacturing,Enterprise,Midwest,2023-06-02
1017,Customer_1017,Retail,Small,Midwest,2010-08-01
1018,Customer_1018,Food & Beverage,Small,West,2010-05-09
1019,Customer_1019,Automotive,Small,West,2014-12-07
1020,Customer_1020,Consumer Goods,Small,Midwest,2013-01-01
1021,Customer_1021,Manufacturing,Mid-Market,Northeast,2017-06-07
1022,Customer_1022,Manufacturing,Mid-Market,Northeast,2014-06-30
1023,Customer_1023,Construction,Small,Northeast,2015-05-06
1024,Customer_1024,Manufacturing,Small,Midwest,2018-06-22
1025,Customer_1025,Healthcare,Enterprise,West,2024-01-09
1026,Customer_1026,Food & Beverage,Small,Southwest,2017-03-17
1027,Customer_1027,Manufacturing,Mid-Market,South,2018-06-18
1028,Customer_1028,Healthcare,Small,West,2020-03-02
1029,Customer_1029,Manufacturing,Small,West,2012-08-12
1030,Customer_1030,Retail,Small,Northeast,2020-01-02
1031,Customer_1031,Food & Beverage,Small,South,2022-12-05
1032,Customer_1032,Retail,Small,South,2014-10-09
1033,Customer_1033,Food & Beverage,Mid-Market,Southwest,2012-09-03
1034,Customer_1034,Food & Beverage,Small,Southwest,2015-03-12
1035,Customer_1035,Consumer Goods,Mid-Market,Southwest,2014-02-15
1036,Customer_1036,Consumer Goods,Mid-Market,Midwest,2018-10-11
1037,Customer_1037,Retail,Small,Midwest,2022-12-15
1038,Customer_1038,Manufacturing,Small,South,2018-12-12
1039,Customer_1039,Construction,Mid-Market,West,2011-11-19
1040,Customer_1040,Consumer Goods,Mid-Market,Northeast,2014-09-20
1041,Customer_1041,Retail,Mid-Market,South,2020-05-04
1042,Customer_1042,Retail,Mid-Market,Northeast,2018-10-18
1043,Customer_1043,Retail,Small,Midwest,2020-05-29
1044,Customer_1044,Manufacturing,Mid-Market,South,2014-12-09
1045,Customer_1045,Food & Beverage,Small,Northeast,2019-09-17
1046,Customer_1046,Retail,Enterprise,South,2015-12-21
1047,Customer_1047,Construction,Small,Southwest,2012-01-10
1048,Customer_1048,Healthcare,Small,Midwest,2015-08-01
1049,Customer_1049,Healthcare,Small,Southwest,2016-08-13
1050,Customer_1050,Retail,Small,Southwest,2010-01-14
1051,Customer_1051,Retail,Mid-Market,Southwest,2023-05-23
1052,Customer_1052,Construction,Small,South,2017-12-01
1053,Customer_1053,Healthcare,Small,Southwest,2010-07-18
1054,Customer_1054,Retail,Small,Southwest,2023-01-07
1055,Customer_1055,Healthcare,Mid-Market,Southwest,2022-10-29
1056,Customer_1056,Manufacturing,Small,South,2010-03-08
1057,Customer_1057,Healthcare,Enterprise,South,2012-06-12
1058,Customer_1058,Manufacturing,Mid-Market,Midwest,2015-06-16
1059,Customer_1059,Manufacturing,Small,Southwest,2017-08-10
1060,Customer_1060,Retail,Small,Southwest,2020-11-19
1061,Customer_1061,Manufacturing,Small,Midwest,2016-05-13
1062,Customer_1062,Manufacturing,Mid-Market,Northeast,2019-03-05
1063,Customer_1063,Manufacturing,Mid-Market,Midwest,2010-02-25
1064,Customer_1064,Retail,Mid-Market,West,2019-11-17
1065,Customer_1065,Construction,Small,Midwest,2023-09-24
1066,Customer_1066,Manufacturing,Small,South,2017-11-22
1067,Customer_1067,Food & Beverage,Mid-Market,South,2016-10-28
1068,Customer_1068,Healthcare,Mid-Market,Northeast,2014-06-16
1069,Customer_1069,Manufacturing,Mid-Market,South,2024-04-24
1070,Customer_1070,Manufacturing,Small,West,2010-07-01
1071,Customer_1071,Healthcare,Small,South,2014-04-20
1072,Customer_1072,Healthcare,Small,Southwest,2012-01-30
1073,Customer_1073,Retail,Small,Northeast,2022-12-29
1074,Customer_1074,Healthcare,Small,Midwest,2017-03-28
1075,Customer_1075,Manufacturing,Small,Midwest,2023-11-01
1076,Customer_1076,Retail,Small,Southwest,2019-12-23
1077,Customer_1077,Construction,Small,Southwest,2018-05-09
1078,Customer_1078,Manufacturing,Small,Midwest,2017-10-05
1079,Customer_1079,Construction,Small,West,2013-01-15
1080,Customer_1080,Retail,Small,West,2018-06-06
1081,Customer_1081,Construction,Mid-Market,Midwest,2020-04-11
1082,Customer_1082,Retail,Mid-Market,Northeast,2024-06-24
1083,Customer_1083,Retail,Small,Midwest,2018-03-27
1084,Customer_1084,Manufacturing,Mid-Market,South,2024-01-30
1085,Customer_1085,Manufacturing,Small,Midwest,2024-03-02
1086,Customer_1086,Construction,Mid-Market,West,2017-11-02
1087,Customer_1087,Manufacturing,Mid-Market,South,2016-08-03
1088,Customer_1088,Manufacturing,Small,South,2012-02-21
1089,Customer_1089,Manufacturing,Small,Southwest,2014-01-10
1090,Customer_1090,Manufacturing,Small,South,2023-03-09
1091,Customer_1091,Healthcare,Small,Northeast,2012-01-28
1092,Customer_1092,Retail,Small,West,2015-12-16
1093,Customer_1093,Consumer Goods,Small,West,2020-06-24
1094,Customer_1094,Manufacturing,Small,Southwest,2013-08-11
1095,Customer_1095,Food & Beverage,Mid-Market,West,2024-08-11
1096,Customer_1096,Retail,Small,Southwest,2019-09-28
1097,Customer_1097,Retail,Small,Midwest,2010-06-05
1098,Customer_1098,Healthcare,Mid-Market,South,2013-09-16
1099,Customer_1099,Consumer Goods,Small,Southwest,2021-02-08
1100,Customer_1100,Healthcare,Mid-Market,South,2022-12-12
1101,Customer_1101,Manufacturing,Small,South,2023-11-26
1102,Customer_1102,Manufacturing,Small,Southwest,2022-10-07
1103,Customer_1103,Food & Beverage,Small,Southwest,2011-02-14
1104,Customer_1104,Manufacturing,Small,South,2020-12-11
1105,Customer_1105,Construction,Small,West,2011-08-27
1106,Customer_1106,Food & Beverage,Small,Southwest,2011-02-24
1107,Customer_1107,Food & Beverage,Small,West,2020-05-18
1108,Customer_1108,Healthcare,Enterprise,Northeast,2017-03-04
1109,Customer_1109,Construction,Small,West,2019-09-20
1110,Customer_1110,Manufacturing,Small,Northeast,2022-10-09
1111,Customer_1111,Manufacturing,Small,Southwest,2011-01-13
1112,Customer_1112,Food & Beverage,Small,Northeast,2017-11-29
1113,Customer_1113,Retail,Enterprise,Southwest,2022-07-07
1114,Customer_1114,Manufacturing,Small,Northeast,2016-08-08
1115,Customer_1115,Retail,Small,Midwest,2017-11-07
1116,Customer_1116,Construction,Small,South,2017-06-20
1117,Customer_1117,Healthcare,Small,Southwest,2023-08-10
1118,Customer_1118,Food & Beverage,Small,South,2010-10-01
1119,Customer_1119,Retail,Mid-Market,West,2023-03-03
1120,Customer_1120,Manufacturing,Small,Northeast,2022-03-09
1121,Customer_1121,Retail,Mid-Market,Midwest,2016-03-08
1122,Customer_1122,Retail,Small,Southwest,2017-09-27
1123,Customer_1123,Food & Beverage,Small,Southwest,2015-07-15
1124,Customer_1124,Food & Beverage,Mid-Market,South,2013-10-10
1125,Customer_1125,Manufacturing,Mid-Market,South,2023-02-17
1126,Customer_1126,Manufacturing,Mid-Market,Midwest,2017-08-03
1127,Customer_1127,Manufacturing,Small,Midwest,2020-11-06
1128,Customer_1128,Healthcare,Small,Midwest,2011-07-07
1129,Customer_1129,Food & Beverage,Mid-Market,Northeast,2021-10-31
1130,Customer_1130,Manufacturing,Mid-Market,West,2019-11-19
1131,Customer_1131,Healthcare,Mid-Market,South,2024-12-17
1132,Customer_1132,Retail,Mid-Market,South,2012-01-04
1133,Customer_1133,Retail,Small,Southwest,2018-02-06
1134,Customer_1134,Automotive,Small,West,2017-09-01
1135,Customer_1135,Manufacturing,Small,South,2018-01-28
1136,Customer_1136,Manufacturing,Small,Southwest,2010-10-25
1137,Customer_1137,Food & Beverage,Mid-Market,South,2017-02-04
1138,Customer_1138,Manufacturing,Small,Midwest,2014-06-29
1139,Customer_1139,Food & Beverage,Small,South,2019-04-05
1140,Customer_1140,Manufacturing,Small,Northeast,2013-06-25
1141,Customer_1141,Manufacturing,Mid-Market,Midwest,2016-07-11
1142,Customer_1142,Manufacturing,Small,Midwest,2019-04-20
1143,Customer_1143,Retail,Small,Southwest,2010-12-17
1144,Customer_1144,Manufacturing,Small,South,2021-10-20
1145,Customer_1145,Manufacturing,Small,Southwest,2020-09-25
1146,Customer_1146,Healthcare,Small,West,2010-11-10
1147,Customer_1147,Retail,Small,Northeast,2010-12-21
1148,Customer_1148,Retail,Small,West,2022-10-02
1149,Customer_1149,Manufacturing,Small,Midwest,2014-04-02
1150,Customer_1150,Retail,Small,South,2022-11-29
1151,Customer_1151,Manufacturing,Mid-Market,Midwest,2017-06-27
1152,Customer_1152,Food & Beverage,Small,South,2015-02-18
1153,Customer_1153,Manufacturing,Enterprise,West,2014-02-07
1154,Customer_1154,Healthcare,Mid-Market,Midwest,2019-11-20
1155,Customer_1155,Automotive,Small,Midwest,2011-08-25
1156,Customer_1156,Manufacturing,Small,South,2016-01-15
1157,Customer_1157,Manufacturing,Small,South,2015-03-10
1158,Customer_1158,Manufacturing,Mid-Market,Midwest,2012-04-24
1159,Customer_1159,Food & Beverage,Small,Midwest,2015-04-17
1160,Customer_1160,Manufacturing,Mid-Market,South,2017-12-06
1161,Customer_1161,Healthcare,Mid-Market,Midwest,2020-02-29
1162,Customer_1162,Construction,Enterprise,South,2011-04-19
1163,Customer_1163,Healthcare,Small,Midwest,2023-01-31
1164,Customer_1164,Retail,Mid-Market,Northeast,2023-03-06
1165,Customer_1165,Consumer Goods,Small,Midwest,2020-05-18
1166,Customer_1166,Manufacturing,Small,West,2023-11-12
1167,Customer_1167,Retail,Small,Southwest,2016-06-02
1168,Customer_1168,Retail,Mid-Market,West,2022-04-28
1169,Customer_1169,Automotive,Mid-Market,West,2020-11-27
1170,Customer_1170,Food & Beverage,Small,Northeast,2018-06-09
1171,Customer_1171,Healthcare,Enterprise,South,2012-09-10
1172,Customer_1172,Manufacturing,Enterprise,West,2018-05-13
1173,Customer_1173,Consumer Goods,Small,Southwest,2023-07-09
1174,Customer_1174,Retail,Mid-Market,Midwest,2024-10-07
1175,Customer_1175,Retail,Small,Southwest,2016-09-20
1176,Customer_1176,Consumer Goods,Small,South,2013-09-20
1177,Customer_1177,Retail,Small,Northeast,2021-03-18
1178,Customer_1178,Retail,Small,Northeast,2011-02-21
1179,Customer_1179,Food & Beverage,Small,Midwest,2012-04-07
1180,Customer_1180,Manufacturing,Mid-Market,West,2018-06-06
1181,Customer_1181,Retail,Mid-Market,South,2024-11-07
1182,Customer_1182,Manufacturing,Small,West,2014-12-07
1183,Customer_1183,Manufacturing,Small,West,2016-08-25
1184,Customer_1184,Healthcare,Small,South,2014-11-01
1185,Customer_1185,Food & Beverage,Small,South,2016-08-10
1186,Customer_1186,Retail,Small,West,2010-02-08
1187,Customer_1187,Retail,Small,West,2018-12-02
1188,Customer_1188,Retail,Small,Northeast,2018-12-11
1189,Customer_1189,Food & Beverage,Enterprise,South,2014-09-25
1190,Customer_1190,Automotive,Small,Midwest,2013-12-17
1191,Customer_1191,Automotive,Mid-Market,Midwest,2021-06-04
1192,Customer_1192,Retail,Small,Northeast,2012-10-26
1193,Customer_1193,Retail,Small,Southwest,2010-09-15
1194,Customer_1194,Retail,Small,South,2010-08-10
1195,Customer_1195,Food & Beverage,Small,South,2023-03-24
1196,Customer_1196,Retail,Small,Northeast,2015-06-19
1197,Customer_1197,Food & Beverage,Small,Southwest,2011-07-12
1198,Customer_1198,Food & Beverage,Small,South,2023-03-08
1199,Customer_1199,Retail,Small,Southwest,2012-03-25
1200,Customer_1200,Retail,Small,Midwest,2015-01-19
1201,Customer_1201,Retail,Mid-Market,Southwest,2020-03-08
1202,Customer_1202,Manufacturing,Small,Northeast,2020-06-27
1203,Customer_1203,Manufacturing,Small,Northeast,2021-05-07
1204,Customer_1204,Construction,Mid-Market,Southwest,2013-12-11
1205,Customer_1205,Retail,Small,Southwest,2014-12-03
1206,Customer_1206,Manufacturing,Small,Midwest,2024-01-27
1207,Customer_1207,Food & Beverage,Small,Northeast,2022-04-28
1208,Customer_1208,Construction,Small,Southwest,2010-07-23
1209,Customer_1209,Manufacturing,Small,South,2020-05-18
1210,Customer_1210,Healthcare,Mid-Market,Southwest,2022-03-11
1211,Customer_1211,Automotive,Small,Southwest,2018-05-22
1212,Customer_1212,Food & Beverage,Small,Southwest,2019-08-07
1213,Customer_1213,Food & Beverage,Mid-Market,West,2010-01-06
1214,Customer_1214,Manufacturing,Small,West,2010-06-14
1215,Customer_1215,Automotive,Small,Midwest,2010-07-12
1216,Customer_1216,Retail,Small,Northeast,2012-05-20
1217,Customer_1217,Automotive,Small,South,2024-11-10
1218,Customer_1218,Food & Beverage,Small,West,2019-07-07
1219,Customer_1219,Manufacturing,Small,Southwest,2021-09-25
1220,Customer_1220,Manufacturing,Mid-Market,Midwest,2014-06-08
1221,Customer_1221,Food & Beverage,Small,West,2024-01-23
1222,Customer_1222,Food & Beverage,Small,Northeast,2012-12-25
1223,Customer_1223,Manufacturing,Mid-Market,Midwest,2023-07-14
1224,Customer_1224,Construction,Enterprise,Midwest,2010-06-18
1225,Customer_1225,Healthcare,Mid-Market,Southwest,2010-04-22
1226,Customer_1226,Retail,Small,South,2011-03-09
1227,Customer_1227,Retail,Small,South,2021-11-16
1228,Customer_1228,Manufacturing,Small,South,2013-11-11
1229,Customer_1229,Construction,Small,Northeast,2016-10-07
1230,Customer_1230,Retail,Mid-Market,Midwest,2017-01-25
1231,Customer_1231,Healthcare,Small,West,2021-11-04
1232,Customer_1232,Retail,Enterprise,Southwest,2015-03-26
1233,Customer_1233,Food & Beverage,Small,Southwest,2010-02-06
1234,Customer_1234,Manufacturing,Small,Northeast,2015-10-19
1235,Customer_1235,Manufacturing,Small,South,2014-04-28
1236,Customer_1236,Construction,Mid-Market,South,2020-12-17
1237,Customer_1237,Retail,Small,South,2021-04-08
1238,Customer_1238,Retail,Small,Southwest,2011-05-19
1239,Customer_1239,Consumer Goods,Mid-Market,Northeast,2021-11-23
1240,Customer_1240,Consumer Goods,Small,Northeast,2011-01-22
1241,Customer_1241,Healthcare,Small,Southwest,2019-04-18
1242,Customer_1242,Manufacturing,Small,Southwest,2015-11-03
1243,Customer_1243,Food & Beverage,Mid-Market,South,2014-07-09
1244,Customer_1244,Healthcare,Small,South,2017-03-31
1245,Customer_1245,Retail,Small,Midwest,2014-08-28
1246,Customer_1246,Manufacturing,Small,Midwest,2021-11-27
1247,Customer_1247,Healthcare,Enterprise,Southwest,2024-07-01
1248,Customer_1248,Retail,Mid-Market,Midwest,2022-03-27
1249,Customer_1249,Food & Beverage,Mid-Market,Northeast,2016-08-03
1250,Customer_1250,Consumer Goods,Mid-Market,Midwest,2017-07-19
1251,Customer_1251,Food & Beverage,Small,Midwest,2016-09-15
1252,Customer_1252,Retail,Small,Midwest,2021-11-26
1253,Customer_1253,Retail,Small,Midwest,2018-04-14
1254,Customer_1254,Retail,Small,Southwest,2017-01-08
1255,Customer_1255,Manufacturing,Small,Southwest,2016-02-22
1256,Customer_1256,Construction,Small,South,2015-08-17
1257,Customer_1257,Healthcare,Small,South,2018-04-16
1258,Customer_1258,Manufacturing,Mid-Market,West,2020-05-02
1259,Customer_1259,Retail,Small,Midwest,2016-06-26
1260,Customer_1260,Healthcare,Mid-Market,Midwest,2022-02-05
1261,Customer_1261,Manufacturing,Small,Northeast,2022-05-26
1262,Customer_1262,Retail,Small,South,2016-06-08
1263,Customer_1263,Retail,Mid-Market,West,2023-08-20
1264,Customer_1264,Food & Beverage,Small,Southwest,2012-08-05
1265,Customer_1265,Manufacturing,Small,West,2023-12-25
1266,Customer_1266,Food & Beverage,Small,South,2014-05-31
1267,Customer_1267,Retail,Small,Northeast,2018-06-19
1268,Customer_1268,Food & Beverage,Mid-Market,Northeast,2014-04-03
1269,Customer_1269,Manufacturing,Mid-Market,South,2016-08-19
1270,Customer_1270,Retail,Small,Midwest,2015-02-06
1271,Customer_1271,Retail,Small,Southwest,2020-07-30
1272,Customer_1272,Manufacturing,Small,Southwest,2011-03-21
1273,Customer_1273,Manufacturing,Small,Northeast,2022-07-29
1274,Customer_1274,Manufacturing,Mid-Market,West,2023-07-23
1275,Customer_1275,Retail,Small,South,2018-06-12
1276,Customer_1276,Manufacturing,Small,Northeast,2018-03-17
1277,Customer_1277,Automotive,Mid-Market,Midwest,2020-07-01
1278,Customer_1278,Retail,Small,Northeast,2012-12-26
1279,Customer_1279,Healthcare,Small,South,2021-03-31
1280,Customer_1280,Consumer Goods,Small,Midwest,2013-04-12
1281,Customer_1281,Manufacturing,Small,South,2020-02-23
1282,Customer_1282,Food & Beverage,Small,Midwest,2014-08-01
1283,Customer_1283,Healthcare,Small,Midwest,2021-03-11
1284,Customer_1284,Food & Beverage,Small,West,2021-11-12
1285,Customer_1285,Retail,Small,Northeast,2013-02-16
1286,Customer_1286,Retail,Small,Northeast,2019-04-06
1287,Customer_1287,Manufacturing,Mid-Market,Midwest,2017-06-23
1288,Customer_1288,Retail,Small,South,2014-05-30
1289,Customer_1289,Consumer Goods,Mid-Market,West,2018-10-28
1290,Customer_1290,Consumer Goods,Small,Northeast,2024-11-20
1291,Customer_1291,Manufacturing,Mid-Market,Midwest,2010-01-14
1292,Customer_1292,Construction,Small,Southwest,2024-05-08
1293,Customer_1293,Retail,Mid-Market,Northeast,2022-11-02
1294,Customer_1294,Automotive,Mid-Market,South,2017-12-09
1295,Customer_1295,Manufacturing,Small,Southwest,2019-02-24
1296,Customer_1296,Automotive,Small,Midwest,2015-07-16
1297,Customer_1297,Healthcare,Mid-Market,Northeast,2011-12-09
1298,Customer_1298,Manufacturing,Mid-Market,South,2018-07-28
1299,Customer_1299,Manufacturing,Small,West,2022-03-31
1300,Customer_1300,Healthcare,Mid-Market,Southwest,2013-06-20
1301,Customer_1301,Manufacturing,Small,South,2020-10-03
1302,Customer_1302,Retail,Small,Midwest,2021-03-21
1303,Customer_1303,Automotive,Small,West,2021-05-16
1304,Customer_1304,Food & Beverage,Mid-Market,Northeast,2015-02-06
1305,Customer_1305,Retail,Small,South,2015-11-18
1306,Customer_1306,Retail,Small,West,2016-03-30
1307,Customer_1307,Manufacturing,Small,Northeast,2022-10-24
1308,Customer_1308,Consumer Goods,Mid-Market,West,2023-07-04
1309,Customer_1309,Retail,Small,Midwest,2016-03-18
1310,Customer_1310,Manufacturing,Small,Southwest,2024-07-19
1311,Customer_1311,Manufacturing,Small,Northeast,2018-07-23
1312,Customer_1312,Consumer Goods,Small,Southwest,2015-10-11
1313,Customer_1313,Manufacturing,Mid-Market,South,2010-01-04
1314,Customer_1314,Healthcare,Mid-Market,Northeast,2019-03-02
1315,Customer_1315,Construction,Small,West,2019-09-03
1316,Customer_1316,Healthcare,Small,Midwest,2024-07-10
1317,Customer_1317,Consumer Goods,Mid-Market,Southwest,2020-10-09
1318,Customer_1318,Healthcare,Mid-Market,Northeast,2010-06-12
1319,Customer_1319,Automotive,Small,Northeast,2018-07-04
1320,Customer_1320,Manufacturing,Small,Midwest,2021-02-20
1321,Customer_1321,Construction,Small,Southwest,2017-06-13
1322,Customer_1322,Retail,Small,Midwest,2016-06-09
1323,Customer_1323,Retail,Small,West,2022-02-23
1324,Customer_1324,Healthcare,Mid-Market,Southwest,2019-03-04
1325,Customer_1325,Consumer Goods,Small,Southwest,2020-03-21
1326,Customer_1326,Construction,Small,Midwest,2016-12-17
1327,Customer_1327,Retail,Small,West,2014-03-04
1328,Customer_1328,Retail,Small,Midwest,2017-10-14
1329,Customer_1329,Retail,Mid-Market,West,2024-05-20
1330,Customer_1330,Retail,Small,Midwest,2019-01-15
1331,Customer_1331,Retail,Small,Midwest,2020-08-10
1332,Customer_1332,Manufacturing,Small,Midwest,2011-11-12
1333,Customer_1333,Manufacturing,Small,West,2024-10-25
1334,Customer_1334,Construction,Mid-Market,West,2013-09-02
1335,Customer_1335,Retail,Mid-Market,Southwest,2024-07-26
1336,Customer_1336,Automotive,Mid-Market,West,2016-09-07
1337,Customer_1337,Food & Beverage,Mid-Market,Northeast,2023-10-13
1338,Customer_1338,Manufacturing,Mid-Market,Midwest,2023-05-18
1339,Customer_1339,Manufacturing,Small,South,2021-04-30
1340,Customer_1340,Manufacturing,Small,Northeast,2023-09-30
1341,Customer_1341,Consumer Goods,Small,Northeast,2019-02-21
1342,Customer_1342,Manufacturing,Small,Midwest,2022-09-24
1343,Customer_1343,Retail,Mid-Market,Southwest,2012-08-01
1344,Customer_1344,Automotive,Mid-Market,Midwest,2011-01-21
1345,Customer_1345,Consumer Goods,Small,Midwest,2018-02-24
1346,Customer_1346,Manufacturing,Small,Northeast,2022-02-23
1347,Customer_1347,Manufacturing,Mid-Market,West,2021-06-24
1348,Customer_1348,Manufacturing,Small,Northeast,2017-12-01
1349,Customer_1349,Manufacturing,Small,Southwest,2017-10-24
1350,Customer_1350,Manufacturing,Mid-Market,Southwest,2019-02-23
1351,Customer_1351,Food & Beverage,Small,Southwest,2023-01-09
1352,Customer_1352,Automotive,Small,South,2022-08-17
1353,Customer_1353,Retail,Mid-Market,Northeast,2011-08-24
1354,Customer_1354,Food & Beverage,Enterprise,South,2018-12-08
1355,Customer_1355,Manufacturing,Mid-Market,West,2015-09-18
1356,Customer_1356,Healthcare,Mid-Market,South,2021-12-28
1357,Customer_1357,Food & Beverage,Small,Southwest,2017-08-03
1358,Customer_1358,Healthcare,Small,Northeast,2024-11-13
1359,Customer_1359,Automotive,Mid-Market,Northeast,2016-06-26
1360,Customer_1360,Retail,Small,South,2020-03-09
1361,Customer_1361,Manufacturing,Mid-Market,West,2011-08-18
1362,Customer_1362,Manufacturing,Small,West,2023-12-26
1363,Customer_1363,Retail,Small,South,2012-04-21
1364,Customer_1364,Automotive,Small,West,2015-09-04
1365,Customer_1365,Retail,Mid-Market,West,2022-07-25
1366,Customer_1366,Construction,Mid-Market,Midwest,2024-07-05
1367,Customer_1367,Retail,Small,Midwest,2017-04-07
1368,Customer_1368,Manufacturing,Small,Northeast,2017-04-09
1369,Customer_1369,Retail,Mid-Market,South,2010-09-24
1370,Customer_1370,Food & Beverage,Small,Midwest,2024-09-06
1371,Customer_1371,Food & Beverage,Small,Northeast,2010-04-01
1372,Customer_1372,Retail,Small,Midwest,2010-05-23
1373,Customer_1373,Manufacturing,Mid-Market,Northeast,2017-02-06
1374,Customer_1374,Construction,Small,West,2010-01-20
1375,Customer_1375,Manufacturing,Mid-Market,Northeast,2012-06-19
1376,Customer_1376,Automotive,Small,Northeast,2019-06-01
1377,Customer_1377,Manufacturing,Mid-Market,West,2020-07-29
1378,Customer_1378,Manufacturing,Small,South,2014-06-22
1379,Customer_1379,Retail,Mid-Market,South,2021-12-05
1380,Customer_1380,Retail,Small,South,2019-02-12
1381,Customer_1381,Retail,Mid-Market,South,2013-06-04
1382,Customer_1382,Retail,Small,West,2020-09-07
1383,Customer_1383,Consumer Goods,Mid-Market,West,2018-11-18
1384,Customer_1384,Retail,Mid-Market,South,2022-03-07
1385,Customer_1385,Retail,Small,West,2012-04-26
1386,Customer_1386,Retail,Mid-Market,West,2013-06-18
1387,Customer_1387,Manufacturing,Small,Midwest,2014-07-22
1388,Customer_1388,Food & Beverage,Small,Midwest,2015-02-14
1389,Customer_1389,Manufacturing,Mid-Market,Southwest,2023-05-01
1390,Customer_1390,Food & Beverage,Enterprise,Midwest,2020-12-26
1391,Customer_1391,Manufacturing,Small,South,2018-02-28
1392,Customer_1392,Consumer Goods,Small,Midwest,2018-02-08
1393,Customer_1393,Retail,Mid-Market,Southwest,2023-04-15
1394,Customer_1394,Healthcare,Small,West,2016-09-13
1395,Customer_1395,Retail,Small,Northeast,2013-05-18
1396,Customer_1396,Manufacturing,Small,Midwest,2012-01-20
1397,Customer_1397,Healthcare,Enterprise,West,2014-12-13
1398,Customer_1398,Food & Beverage,Enterprise,South,2019-10-19
1399,Customer_1399,Construction,Small,Southwest,2017-01-23
1400,Customer_1400,Retail,Small,Southwest,2016-04-29
1401,Customer_1401,Food & Beverage,Small,Southwest,2017-03-14
1402,Customer_1402,Healthcare,Small,Northeast,2024-08-15
1403,Customer_1403,Food & Beverage,Small,Midwest,2024-12-18
1404,Customer_1404,Retail,Small,Midwest,2012-06-02
1405,Customer_1405,Food & Beverage,Small,West,2011-09-19
1406,Customer_1406,Food & Beverage,Small,Southwest,2013-08-31
1407,Customer_1407,Consumer Goods,Mid-Market,South,2022-10-12
1408,Customer_1408,Retail,Small,Midwest,2016-11-22
1409,Customer_1409,Retail,Small,West,2022-12-15
1410,Customer_1410,Healthcare,Small,West,2019-09-13
1411,Customer_1411,Retail,Small,West,2018-04-19
1412,Customer_1412,Construction,Small,South,2014-03-23
1413,Customer_1413,Retail,Small,Southwest,2015-02-28
1414,Customer_1414,Manufacturing,Small,Northeast,2012-03-20
1415,Customer_1415,Construction,Mid-Market,Midwest,2017-10-15
1416,Customer_1416,Manufacturing,Small,West,2014-03-16
1417,Customer_1417,Manufacturing,Mid-Market,Northeast,2014-05-22
1418,Customer_1418,Food & Beverage,Small,Midwest,2010-08-05
1419,Customer_1419,Construction,Small,Midwest,2021-12-26
1420,Customer_1420,Healthcare,Small,West,2024-02-02
1421,Customer_1421,Manufacturing,Mid-Market,Northeast,2017-06-22
1422,Customer_1422,Manufacturing,Small,South,2018-01-15
1423,Customer_1423,Consumer Goods,Small,South,2023-11-20
1424,Customer_1424,Manufacturing,Mid-Market,West,2017-09-02
1425,Customer_1425,Manufacturing,Small,South,2019-05-05
1426,Customer_1426,Manufacturing,Small,Midwest,2016-06-03
1427,Customer_1427,Retail,Small,West,2017-09-18
1428,Customer_1428,Healthcare,Mid-Market,West,2017-10-29
1429,Customer_1429,Construction,Small,Northeast,2020-08-31
1430,Customer_1430,Construction,Small,Southwest,2019-01-23
1431,Customer_1431,Manufacturing,Small,Northeast,2017-07-23
1432,Customer_1432,Retail,Small,Northeast,2011-02-20
1433,Customer_1433,Retail,Small,Northeast,2023-07-26
1434,Customer_1434,Manufacturing,Small,South,2023-04-28
1435,Customer_1435,Manufacturing,Mid-Market,Southwest,2012-10-07
1436,Customer_1436,Retail,Mid-Market,South,2014-05-26
1437,Customer_1437,Manufacturing,Small,West,2024-08-07
1438,Customer_1438,Food & Beverage,Small,Midwest,2014-10-25
1439,Customer_1439,Construction,Small,Northeast,2022-03-08
1440,Customer_1440,Manufacturing,Small,Midwest,2021-10-14
1441,Customer_1441,Retail,Small,Northeast,2022-11-29
1442,Customer_1442,Construction,Mid-Market,Midwest,2010-03-29
1443,Customer_1443,Construction,Small,Midwest,2017-03-30
1444,Customer_1444,Healthcare,Mid-Market,Midwest,2018-06-25
1445,Customer_1445,Retail,Small,South,2022-07-23
1446,Customer_1446,Healthcare,Small,West,2013-05-14
1447,Customer_1447,Manufacturing,Small,Midwest,2014-08-08
1448,Customer_1448,Retail,Small,South,2012-09-12
1449,Customer_1449,Manufacturing,Small,Midwest,2021-06-05
1450,Customer_1450,Retail,Small,Northeast,2024-12-24
1451,Customer_1451,Retail,Small,Southwest,2012-02-09
1452,Customer_1452,Manufacturing,Small,West,2013-07-01
1453,Customer_1453,Construction,Small,South,2014-08-10
1454,Customer_1454,Retail,Enterprise,West,2023-05-03
1455,Customer_1455,Manufacturing,Small,West,2016-09-07
1456,Customer_1456,Manufacturing,Small,West,2014-03-25
1457,Customer_1457,Retail,Small,Northeast,2014-11-01
1458,Customer_1458,Retail,Mid-Market,Southwest,2018-12-21
1459,Customer_1459,Retail,Mid-Market,Southwest,2015-10-22
1460,Customer_1460,Manufacturing,Mid-Market,Southwest,2012-02-09
1461,Customer_1461,Construction,Mid-Market,Southwest,2022-04-20
1462,Customer_1462,Automotive,Mid-Market,Southwest,2016-05-01
1463,Customer_1463,Retail,Small,West,2013-11-07
1464,Customer_1464,Food & Beverage,Small,Northeast,2020-12-04
1465,Customer_1465,Healthcare,Small,Midwest,2021-03-06
1466,Customer_1466,Consumer Goods,Small,South,2012-04-29
1467,Customer_1467,Food & Beverage,Mid-Market,South,2011-02-08
1468,Customer_1468,Healthcare,Small,Southwest,2010-09-06
1469,Customer_1469,Automotive,Mid-Market,Southwest,2021-06-26
1470,Customer_1470,Construction,Small,Midwest,2019-05-21
1471,Customer_1471,Retail,Mid-Market,West,2021-11-17
1472,Customer_1472,Manufacturing,Small,Northeast,2019-05-25
1473,Customer_1473,Manufacturing,Mid-Market,South,2016-01-10
1474,Customer_1474,Retail,Small,Southwest,2018-11-04
1475,Customer_1475,Retail,Small,Midwest,2020-11-01
1476,Customer_1476,Retail,Mid-Market,Midwest,2015-12-25
1477,Customer_1477,Food & Beverage,Mid-Market,Midwest,2023-09-23
1478,Customer_1478,Food & Beverage,Mid-Market,South,2023-06-30
1479,Customer_1479,Healthcare,Small,Southwest,2022-01-04
1480,Customer_1480,Manufacturing,Small,West,2024-11-18
1481,Customer_1481,Manufacturing,Small,West,2015-11-09
1482,Customer_1482,Construction,Mid-Market,South,2011-09-18
1483,Customer_1483,Healthcare,Small,West,2017-04-06
1484,Customer_1484,Consumer Goods,Mid-Market,Southwest,2021-03-09
1485,Customer_1485,Healthcare,Small,West,2021-09-09
1486,Customer_1486,Healthcare,Mid-Market,Midwest,2015-10-30
1487,Customer_1487,Retail,Small,South,2014-05-22
1488,Customer_1488,Retail,Enterprise,Midwest,2016-09-06
1489,Customer_1489,Manufacturing,Small,South,2022-01-21
1490,Customer_1490,Food & Beverage,Small,West,2010-11-28
1491,Customer_1491,Automotive,Small,Northeast,2014-12-03
1492,Customer_1492,Retail,Small,Northeast,2013-06-13
1493,Customer_1493,Food & Beverage,Mid-Market,West,2022-02-02
1494,Customer_1494,Manufacturing,Enterprise,South,2017-01-16
1495,Customer_1495,Manufacturing,Small,Midwest,2011-04-21
1496,Customer_1496,Manufacturing,Enterprise,Midwest,2013-12-05
1497,Customer_1497,Manufacturing,Mid-Market,Midwest,2010-09-01
1498,Customer_1498,Automotive,Small,West,2017-02-18
1499,Customer_1499,Retail,Small,South,2024-12-18
1500,Customer_1500,Healthcare,Small,West,2018-07-05
1501,Customer_1501,Food & Beverage,Mid-Market,South,2023-01-15
1502,Customer_1502,Manufacturing,Small,South,2021-02-19
1503,Customer_1503,Manufacturing,Small,Midwest,2023-03-30
1504,Customer_1504,Healthcare,Small,Southwest,2014-08-31
1505,Customer_1505,Manufacturing,Small,South,2024-04-08
1506,Customer_1506,Automotive,Small,Midwest,2013-07-31
1507,Customer_1507,Manufacturing,Small,Northeast,2016-07-29
1508,Customer_1508,Food & Beverage,Small,Northeast,2020-03-21
1509,Customer_1509,Healthcare,Mid-Market,West,2014-04-21
1510,Customer_1510,Manufacturing,Mid-Market,West,2013-12-19
1511,Customer_1511,Manufacturing,Small,South,2011-12-14
1512,Customer_1512,Consumer Goods,Mid-Market,West,2010-01-24
1513,Customer_1513,Manufacturing,Small,South,2017-07-08
1514,Customer_1514,Retail,Small,South,2024-10-19
1515,Customer_1515,Retail,Small,Midwest,2013-04-20
1516,Customer_1516,Manufacturing,Small,South,2016-08-08
1517,Customer_1517,Construction,Small,Southwest,2021-08-01
1518,Customer_1518,Construction,Small,Midwest,2010-01-22
1519,Customer_1519,Retail,Small,South,2017-07-05
1520,Customer_1520,Healthcare,Mid-Market,Midwest,2012-02-24
1521,Customer_1521,Manufacturing,Mid-Market,West,2013-09-15
1522,Customer_1522,Manufacturing,Small,South,2013-09-12
1523,Customer_1523,Food & Beverage,Small,Southwest,2019-03-10
1524,Customer_1524,Consumer Goods,Small,Midwest,2012-12-25
1525,Customer_1525,Manufacturing,Small,West,2013-10-11
1526,Customer_1526,Manufacturing,Mid-Market,Southwest,2013-05-21
1527,Customer_1527,Retail,Small,Midwest,2015-05-10
1528,Customer_1528,Healthcare,Mid-Market,Northeast,2019-11-03
1529,Customer_1529,Manufacturing,Small,West,2016-01-01
1530,Customer_1530,Retail,Mid-Market,Northeast,2014-11-30
1531,Customer_1531,Construction,Small,Midwest,2017-10-06
1532,Customer_1532,Retail,Small,Southwest,2019-03-24
1533,Customer_1533,Manufacturing,Small,Midwest,2010-03-26
1534,Customer_1534,Manufacturing,Small,West,2023-05-09
1535,Customer_1535,Retail,Mid-Market,Midwest,2023-09-30
1536,Customer_1536,Retail,Mid-Market,South,2019-01-14
1537,Customer_1537,Healthcare,Mid-Market,South,2018-08-14
1538,Customer_1538,Food & Beverage,Mid-Market,Midwest,2020-06-01
1539,Customer_1539,Food & Beverage,Mid-Market,Northeast,2016-08-12
1540,Customer_1540,Consumer Goods,Small,Midwest,2015-06-26
1541,Customer_1541,Retail,Small,Midwest,2015-04-17
1542,Customer_1542,Retail,Small,Southwest,2012-05-25
1543,Customer_1543,Automotive,Mid-Market,Northeast,2022-08-13
1544,Customer_1544,Manufacturing,Small,Southwest,2014-10-23
1545,Customer_1545,Construction,Small,Midwest,2014-04-07
1546,Customer_1546,Construction,Small,West,2024-06-18
1547,Customer_1547,Manufacturing,Mid-Market,Midwest,2017-08-07
1548,Customer_1548,Retail,Small,South,2019-04-30
1549,Customer_1549,Manufacturing,Mid-Market,Southwest,2013-09-06
1550,Customer_1550,Manufacturing,Small,South,2014-03-01
1551,Customer_1551,Retail,Small,Northeast,2020-12-03
1552,Customer_1552,Manufacturing,Small,West,2016-10-06
1553,Customer_1553,Construction,Small,West,2022-07-13
1554,Customer_1554,Automotive,Small,Southwest,2016-01-16
1555,Customer_1555,Healthcare,Small,Midwest,2020-01-10
1556,Customer_1556,Manufacturing,Small,Northeast,2015-02-13
1557,Customer_1557,Manufacturing,Small,Northeast,2018-05-30
1558,Customer_1558,Manufacturing,Mid-Market,Midwest,2021-08-19
1559,Customer_1559,Manufacturing,Small,South,2023-04-11
1560,Customer_1560,Automotive,Mid-Market,Southwest,2013-02-09
1561,Customer_1561,Retail,Small,Northeast,2020-02-01
1562,Customer_1562,Manufacturing,Small,Southwest,2023-09-20
1563,Customer_1563,Healthcare,Small,South,2019-08-22
1564,Customer_1564,Retail,Small,Northeast,2012-02-23
1565,Customer_1565,Manufacturing,Mid-Market,South,2012-11-05
1566,Customer_1566,Manufacturing,Small,Northeast,2013-01-15
1567,Customer_1567,Food & Beverage,Small,Midwest,2011-08-06
1568,Customer_1568,Construction,Mid-Market,South,2021-04-21
1569,Customer_1569,Manufacturing,Small,Midwest,2024-06-23
1570,Customer_1570,Automotive,Small,Midwest,2017-10-02
1571,Customer_1571,Healthcare,Small,Northeast,2018-12-25
1572,Customer_1572,Healthcare,Mid-Market,Northeast,2021-08-09
1573,Customer_1573,Manufacturing,Mid-Market,Northeast,2016-03-27
1574,Customer_1574,Manufacturing,Mid-Market,Northeast,2018-11-01
1575,Customer_1575,Healthcare,Mid-Market,Northeast,2014-07-27
1576,Customer_1576,Retail,Mid-Market,South,2010-12-05
1577,Customer_1577,Food & Beverage,Small,Midwest,2018-07-08
1578,Customer_1578,Construction,Small,South,2022-05-01
1579,Customer_1579,Manufacturing,Small,South,2011-02-06
1580,Customer_1580,Construction,Mid-Market,Midwest,2013-04-01
1581,Customer_1581,Automotive,Small,Midwest,2013-12-11
1582,Customer_1582,Construction,Small,South,2022-01-25
1583,Customer_1583,Retail,Small,South,2017-07-27
1584,Customer_1584,Healthcare,Small,Midwest,2018-01-06
1585,Customer_1585,Retail,Small,Northeast,2019-09-05
1586,Customer_1586,Construction,Small,Midwest,2014-02-24
1587,Customer_1587,Healthcare,Small,Southwest,2020-09-13
1588,Customer_1588,Construction,Mid-Market,South,2010-06-15
1589,Customer_1589,Manufacturing,Small,Northeast,2011-09-15
1590,Customer_1590,Manufacturing,Small,West,2022-03-28
1591,Customer_1591,Manufacturing,Small,Northeast,2019-11-15
1592,Customer_1592,Retail,Small,Northeast,2012-08-24
1593,Customer_1593,Retail,Mid-Market,Northeast,2016-07-31
1594,Customer_1594,Food & Beverage,Mid-Market,Southwest,2010-10-11
1595,Customer_1595,Retail,Small,Southwest,2020-01-29
1596,Customer_1596,Construction,Mid-Market,Midwest,2021-05-03
1597,Customer_1597,Automotive,Small,West,2014-03-06
1598,Customer_1598,Manufacturing,Small,West,2015-04-02
1599,Customer_1599,Construction,Enterprise,West,2013-07-21
1600,Customer_1600,Food & Beverage,Mid-Market,Midwest,2015-11-03
1601,Customer_1601,Retail,Small,Southwest,2014-01-31
1602,Customer_1602,Manufacturing,Small,West,2013-09-15
1603,Customer_1603,Construction,Small,Northeast,2016-06-14
1604,Customer_1604,Consumer Goods,Small,South,2022-11-20
1605,Customer_1605,Construction,Mid-Market,Southwest,2021-06-10
1606,Customer_1606,Automotive,Small,Midwest,2014-06-17
1607,Customer_1607,Consumer Goods,Enterprise,South,2024-02-21
1608,Customer_1608,Retail,Small,Southwest,2023-08-30
1609,Customer_1609,Food & Beverage,Mid-Market,West,2014-08-22
1610,Customer_1610,Retail,Small,Midwest,2018-02-07
1611,Customer_1611,Consumer Goods,Small,Midwest,2013-01-17
1612,Customer_1612,Manufacturing,Small,Northeast,2021-06-06
1613,Customer_1613,Retail,Small,South,2014-10-07
1614,Customer_1614,Healthcare,Enterprise,Midwest,2023-02-01
1615,Customer_1615,Manufacturing,Small,Southwest,2011-03-31
1616,Customer_1616,Construction,Mid-Market,South,2017-07-12
1617,Customer_1617,Retail,Small,Northeast,2012-05-18
1618,Customer_1618,Consumer Goods,Small,Midwest,2023-05-02
1619,Customer_1619,Healthcare,Small,Southwest,2016-04-03
1620,Customer_1620,Retail,Mid-Market,Midwest,2020-02-12
1621,Customer_1621,Construction,Small,South,2023-03-11
1622,Customer_1622,Retail,Mid-Market,West,2018-01-13
1623,Customer_1623,Food & Beverage,Mid-Market,West,2010-11-10
1624,Customer_1624,Food & Beverage,Mid-Market,South,2013-04-24
1625,Customer_1625,Healthcare,Mid-Market,Southwest,2013-03-11
1626,Customer_1626,Manufacturing,Small,Midwest,2023-09-17
1627,Customer_1627,Manufacturing,Mid-Market,Northeast,2023-08-16
1628,Customer_1628,Construction,Mid-Market,Midwest,2017-02-25
1629,Customer_1629,Food & Beverage,Small,Southwest,2023-05-08
1630,Customer_1630,Retail,Small,South,2013-09-09
1631,Customer_1631,Manufacturing,Mid-Market,Midwest,2020-03-11
1632,Customer_1632,Retail,Small,West,2015-11-18
1633,Customer_1633,Healthcare,Small,West,2013-08-10
1634,Customer_1634,Manufacturing,Small,Southwest,2013-10-01
1635,Customer_1635,Retail,Mid-Market,Northeast,2016-04-18
1636,Customer_1636,Automotive,Small,Midwest,2015-02-04
1637,Customer_1637,Manufacturing,Small,Midwest,2013-03-03
1638,Customer_1638,Construction,Mid-Market,Northeast,2015-01-05
1639,Customer_1639,Manufacturing,Mid-Market,West,2011-12-06
1640,Customer_1640,Healthcare,Small,Northeast,2024-07-17
1641,Customer_1641,Construction,Small,Midwest,2015-09-13
1642,Customer_1642,Healthcare,Mid-Market,South,2011-08-12
1643,Customer_1643,Manufacturing,Small,Northeast,2018-08-21
1644,Customer_1644,Retail,Small,Southwest,2023-03-31
1645,Customer_1645,Construction,Mid-Market,South,2015-05-26
1646,Customer_1646,Manufacturing,Small,South,2022-09-05
1647,Customer_1647,Manufacturing,Small,Southwest,2019-03-01
1648,Customer_1648,Manufacturing,Small,Southwest,2021-02-01
1649,Customer_1649,Consumer Goods,Small,Northeast,2014-06-11
1650,Customer_1650,Construction,Small,South,2010-07-22
1651,Customer_1651,Food & Beverage,Small,West,2015-03-10
1652,Customer_1652,Construction,Mid-Market,West,2023-11-13
1653,Customer_1653,Retail,Small,Southwest,2021-11-10
1654,Customer_1654,Retail,Small,Midwest,2021-10-05
1655,Customer_1655,Retail,Enterprise,Northeast,2023-03-05
1656,Customer_1656,Food & Beverage,Small,Southwest,2015-08-07
1657,Customer_1657,Manufacturing,Small,Northeast,2014-10-31
1658,Customer_1658,Healthcare,Small,Northeast,2023-11-17
1659,Customer_1659,Healthcare,Small,West,2018-07-28
1660,Customer_1660,Retail,Mid-Market,West,2014-06-21
1661,Customer_1661,Food & Beverage,Small,Northeast,2014-03-04
1662,Customer_1662,Manufacturing,Small,Northeast,2023-02-27
1663,Customer_1663,Consumer Goods,Small,Midwest,2010-10-20
1664,Customer_1664,Automotive,Mid-Market,South,2010-12-04
1665,Customer_1665,Automotive,Mid-Market,West,2021-01-24
1666,Customer_1666,Retail,Mid-Market,Midwest,2010-01-08
1667,Customer_1667,Manufacturing,Small,Midwest,2012-07-25
1668,Customer_1668,Manufacturing,Small,Midwest,2024-11-09
1669,Customer_1669,Manufacturing,Mid-Market,South,2016-05-21
1670,Customer_1670,Manufacturing,Mid-Market,South,2020-11-30
1671,Customer_1671,Manufacturing,Mid-Market,West,2017-04-22
1672,Customer_1672,Consumer Goods,Small,Midwest,2011-05-12
1673,Customer_1673,Manufacturing,Small,Midwest,2012-10-07
1674,Customer_1674,Manufacturing,Mid-Market,Midwest,2021-06-01
1675,Customer_1675,Healthcare,Small,South,2011-06-02
1676,Customer_1676,Food & Beverage,Mid-Market,Southwest,2018-12-02
1677,Customer_1677,Construction,Mid-Market,Midwest,2015-03-22
1678,Customer_1678,Food & Beverage,Small,West,2015-07-22
1679,Customer_1679,Healthcare,Small,Southwest,2024-04-13
1680,Customer_1680,Food & Beverage,Small,Southwest,2019-02-02
1681,Customer_1681,Retail,Mid-Market,West,2019-03-24
1682,Customer_1682,Construction,Small,West,2015-04-04
1683,Customer_1683,Retail,Small,Midwest,2015-09-21
1684,Customer_1684,Retail,Small,West,2020-04-14
1685,Customer_1685,Retail,Mid-Market,South,2010-08-02
1686,Customer_1686,Manufacturing,Mid-Market,West,2013-07-23
1687,Customer_1687,Construction,Small,Northeast,2019-01-02
1688,Customer_1688,Manufacturing,Mid-Market,Southwest,2019-05-09
1689,Customer_1689,Manufacturing,Small,South,2011-05-21
1690,Customer_1690,Manufacturing,Small,West,2021-10-25
1691,Customer_1691,Healthcare,Mid-Market,Northeast,2018-02-20
1692,Customer_1692,Retail,Mid-Market,Northeast,2013-07-26
1693,Customer_1693,Food & Beverage,Small,Southwest,2021-04-12
1694,Customer_1694,Healthcare,Small,Southwest,2024-11-11
1695,Customer_1695,Manufacturing,Small,South,2016-05-09
1696,Customer_1696,Construction,Mid-Market,Northeast,2014-04-02
1697,Customer_1697,Retail,Small,Southwest,2014-06-29
1698,Customer_1698,Manufacturing,Small,Southwest,2018-11-21
1699,Customer_1699,Food & Beverage,Small,Northeast,2010-09-17
1700,Customer_1700,Automotive,Small,West,2017-04-02
1701,Customer_1701,Manufacturing,Small,South,2010-05-16
1702,Customer_1702,Food & Beverage,Small,West,2010-07-31
1703,Customer_1703,Manufacturing,Small,Midwest,2016-06-13
1704,Customer_1704,Food & Beverage,Mid-Market,Northeast,2021-03-07
1705,Customer_1705,Food & Beverage,Mid-Market,South,2023-04-01
1706,Customer_1706,Food & Beverage,Mid-Market,Midwest,2011-04-26
1707,Customer_1707,Food & Beverage,Small,West,2013-08-29
1708,Customer_1708,Manufacturing,Small,Northeast,2016-04-28
1709,Customer_1709,Food & Beverage,Mid-Market,Southwest,2018-08-11
1710,Customer_1710,Food & Beverage,Small,West,2024-10-21
1711,Customer_1711,Food & Beverage,Small,Southwest,2020-04-06
1712,Customer_1712,Manufacturing,Enterprise,Southwest,2018-01-28
1713,Customer_1713,Retail,Mid-Market,Northeast,2010-11-30
1714,Customer_1714,Retail,Mid-Market,Northeast,2011-03-19
1715,Customer_1715,Manufacturing,Small,West,2012-04-18
1716,Customer_1716,Manufacturing,Small,Northeast,2019-11-29
1717,Customer_1717,Retail,Small,Northeast,2014-12-20
1718,Customer_1718,Construction,Small,Midwest,2013-08-12
1719,Customer_1719,Manufacturing,Small,Southwest,2020-01-19
1720,Customer_1720,Healthcare,Small,West,2022-03-25
1721,Customer_1721,Retail,Small,Midwest,2016-08-02
1722,Customer_1722,Construction,Small,Northeast,2023-03-24
1723,Customer_1723,Retail,Small,South,2021-01-04
1724,Customer_1724,Retail,Small,West,2020-09-28
1725,Customer_1725,Food & Beverage,Small,Northeast,2023-01-05
1726,Customer_1726,Automotive,Small,Midwest,2012-10-03
1727,Customer_1727,Retail,Enterprise,Northeast,2021-05-17
1728,Customer_1728,Retail,Mid-Market,South,2024-05-13
1729,Customer_1729,Food & Beverage,Small,South,2024-11-18
1730,Customer_1730,Construction,Enterprise,West,2018-09-02
1731,Customer_1731,Manufacturing,Small,Southwest,2021-04-25
1732,Customer_1732,Retail,Mid-Market,Northeast,2023-04-30
1733,Customer_1733,Retail,Mid-Market,West,2022-10-13
1734,Customer_1734,Automotive,Mid-Market,West,2023-06-20
1735,Customer_1735,Retail,Mid-Market,Southwest,2022-06-26
1736,Customer_1736,Retail,Small,Southwest,2015-09-20
1737,Customer_1737,Consumer Goods,Small,Northeast,2020-12-14
1738,Customer_1738,Retail,Mid-Market,West,2016-02-27
1739,Customer_1739,Manufacturing,Small,Midwest,2022-01-10
1740,Customer_1740,Manufacturing,Small,Northeast,2022-02-25
1741,Customer_1741,Manufacturing,Small,South,2024-01-08
1742,Customer_1742,Manufacturing,Small,Southwest,2018-10-28
1743,Customer_1743,Retail,Mid-Market,Midwest,2017-02-16
1744,Customer_1744,Construction,Small,South,2012-06-25
1745,Customer_1745,Construction,Small,South,2019-07-29
1746,Customer_1746,Manufacturing,Mid-Market,Southwest,2018-06-30
1747,Customer_1747,Food & Beverage,Small,South,2017-09-21
1748,Customer_1748,Manufacturing,Small,Northeast,2020-02-22
1749,Customer_1749,Automotive,Mid-Market,Midwest,2022-10-06
1750,Customer_1750,Manufacturing,Small,Southwest,2012-03-25
1751,Customer_1751,Food & Beverage,Small,Northeast,2016-06-20
1752,Customer_1752,Retail,Small,South,2020-10-31
1753,Customer_1753,Food & Beverage,Mid-Market,Midwest,2022-04-18
1754,Customer_1754,Retail,Mid-Market,Northeast,2021-09-04
1755,Customer_1755,Construction,Small,West,2021-12-27
1756,Customer_1756,Manufacturing,Mid-Market,South,2022-10-28
1757,Customer_1757,Automotive,Small,Northeast,2024-06-05
1758,Customer_1758,Retail,Small,South,2019-02-13
1759,Customer_1759,Construction,Enterprise,Southwest,2013-09-25
1760,Customer_1760,Healthcare,Small,Southwest,2018-06-15
1761,Customer_1761,Consumer Goods,Mid-Market,Midwest,2020-08-23
1762,Customer_1762,Manufacturing,Mid-Market,Midwest,2011-07-06
1763,Customer_1763,Manufacturing,Small,Southwest,2021-05-09
1764,Customer_1764,Manufacturing,Mid-Market,Northeast,2018-03-01
1765,Customer_1765,Manufacturing,Mid-Market,West,2024-01-16
1766,Customer_1766,Food & Beverage,Mid-Market,West,2013-03-06
1767,Customer_1767,Consumer Goods,Mid-Market,West,2023-08-09
1768,Customer_1768,Consumer Goods,Small,South,2016-09-20
1769,Customer_1769,Retail,Mid-Market,West,2018-08-08
1770,Customer_1770,Food & Beverage,Small,West,2019-11-25
1771,Customer_1771,Healthcare,Small,Southwest,2018-09-08
1772,Customer_1772,Automotive,Small,Northeast,2023-07-23
1773,Customer_1773,Manufacturing,Mid-Market,West,2012-07-05
1774,Customer_1774,Retail,Small,Southwest,2020-12-12
1775,Customer_1775,Healthcare,Small,South,2013-04-20
1776,Customer_1776,Retail,Small,West,2013-10-28
1777,Customer_1777,Retail,Small,Northeast,2017-02-15
1778,Customer_1778,Consumer Goods,Mid-Market,West,2020-11-14
1779,Customer_1779,Consumer Goods,Small,West,2024-05-20
1780,Customer_1780,Automotive,Mid-Market,Northeast,2021-12-08
1781,Customer_1781,Construction,Small,Northeast,2021-11-28
1782,Customer_1782,Manufacturing,Small,West,2016-08-13
1783,Customer_1783,Retail,Small,South,2019-09-06
1784,Customer_1784,Retail,Small,Midwest,2013-03-02
1785,Customer_1785,Food & Beverage,Small,Northeast,2016-12-12
1786,Customer_1786,Retail,Small,Southwest,2012-11-01
1787,Customer_1787,Food & Beverage,Small,Midwest,2010-05-29
1788,Customer_1788,Retail,Small,Southwest,2022-11-05
1789,Customer_1789,Construction,Small,Northeast,2022-01-26
1790,Customer_1790,Retail,Small,South,2017-08-29
1791,Customer_1791,Retail,Small,West,2010-03-21
1792,Customer_1792,Manufacturing,Small,West,2011-05-09
1793,Customer_1793,Manufacturing,Small,West,2011-09-05
1794,Customer_1794,Healthcare,Small,Southwest,2020-10-02
1795,Customer_1795,Retail,Small,Southwest,2013-01-19
1796,Customer_1796,Manufacturing,Small,Northeast,2013-10-02
1797,Customer_1797,Construction,Small,South,2022-12-01
1798,Customer_1798,Food & Beverage,Mid-Market,Southwest,2023-02-22
1799,Customer_1799,Manufacturing,Mid-Market,Midwest,2021-06-12
1800,Customer_1800,Retail,Small,Southwest,2014-08-23
1801,Customer_1801,Manufacturing,Small,Midwest,2018-09-12
1802,Customer_1802,Food & Beverage,Mid-Market,Northeast,2013-01-02
1803,Customer_1803,Manufacturing,Small,Midwest,2022-11-13
1804,Customer_1804,Manufacturing,Small,Southwest,2011-04-10
1805,Customer_1805,Manufacturing,Mid-Market,West,2021-03-01
1806,Customer_1806,Food & Beverage,Mid-Market,Northeast,2017-09-03
1807,Customer_1807,Manufacturing,Mid-Market,South,2021-05-12
1808,Customer_1808,Healthcare,Mid-Market,Southwest,2016-10-05
1809,Customer_1809,Manufacturing,Small,Southwest,2012-05-16
1810,Customer_1810,Food & Beverage,Small,West,2021-04-08
1811,Customer_1811,Retail,Small,Northeast,2019-06-20
1812,Customer_1812,Retail,Small,West,2016-12-20
1813,Customer_1813,Manufacturing,Small,Southwest,2015-08-04
1814,Customer_1814,Healthcare,Small,West,2015-02-27
1815,Customer_1815,Healthcare,Small,Midwest,2017-03-20
1816,Customer_1816,Manufacturing,Small,Midwest,2013-12-04
1817,Customer_1817,Manufacturing,Mid-Market,South,2014-03-27
1818,Customer_1818,Automotive,Mid-Market,South,2014-03-04
1819,Customer_1819,Retail,Mid-Market,West,2010-03-11
1820,Customer_1820,Manufacturing,Small,Northeast,2023-12-01
1821,Customer_1821,Manufacturing,Mid-Market,Northeast,2013-07-19
1822,Customer_1822,Food & Beverage,Small,South,2012-06-23
1823,Customer_1823,Construction,Mid-Market,West,2012-04-08
1824,Customer_1824,Food & Beverage,Small,West,2024-10-27
1825,Customer_1825,Consumer Goods,Enterprise,Midwest,2017-02-24
1826,Customer_1826,Retail,Small,Midwest,2014-11-26
1827,Customer_1827,Retail,Small,Northeast,2016-01-22
1828,Customer_1828,Retail,Small,South,2011-04-30
1829,Customer_1829,Retail,Small,Northeast,2014-09-15
1830,Customer_1830,Manufacturing,Small,West,2013-09-24
1831,Customer_1831,Manufacturing,Small,West,2022-01-18
1832,Customer_1832,Retail,Small,South,2010-11-16
1833,Customer_1833,Construction,Small,South,2016-05-19
1834,Customer_1834,Manufacturing,Small,South,2021-11-06
1835,Customer_1835,Retail,Small,Southwest,2022-07-03
1836,Customer_1836,Food & Beverage,Mid-Market,Midwest,2017-09-08
1837,Customer_1837,Food & Beverage,Small,West,2013-05-04
1838,Customer_1838,Construction,Small,Midwest,2015-01-21
1839,Customer_1839,Healthcare,Small,West,2013-05-02
1840,Customer_1840,Construction,Small,Midwest,2019-12-06
1841,Customer_1841,Manufacturing,Small,South,2014-05-23
1842,Customer_1842,Retail,Small,Southwest,2019-06-17
1843,Customer_1843,Food & Beverage,Mid-Market,West,2019-11-01
1844,Customer_1844,Manufacturing,Mid-Market,West,2024-02-05
1845,Customer_1845,Manufacturing,Small,Southwest,2015-07-22
1846,Customer_1846,Manufacturing,Small,South,2024-06-01
1847,Customer_1847,Retail,Mid-Market,Northeast,2016-01-05
1848,Customer_1848,Retail,Small,Midwest,2020-03-17
1849,Customer_1849,Manufacturing,Small,South,2019-12-04
1850,Customer_1850,Healthcare,Small,Midwest,2022-04-07
1851,Customer_1851,Automotive,Small,South,2017-01-13
1852,Customer_1852,Manufacturing,Mid-Market,South,2021-11-19
1853,Customer_1853,Automotive,Mid-Market,South,2015-05-01
1854,Customer_1854,Manufacturing,Small,South,2017-05-15
1855,Customer_1855,Automotive,Small,West,2017-06-30
1856,Customer_1856,Consumer Goods,Mid-Market,Midwest,2020-07-26
1857,Customer_1857,Manufacturing,Mid-Market,Midwest,2019-04-11
1858,Customer_1858,Construction,Mid-Market,Northeast,2011-03-05
1859,Customer_1859,Consumer Goods,Small,Midwest,2022-02-19
1860,Customer_1860,Automotive,Small,Northeast,2021-05-15
1861,Customer_1861,Consumer Goods,Small,South,2011-07-27
1862,Customer_1862,Food & Beverage,Mid-Market,Midwest,2024-06-04
1863,Customer_1863,Manufacturing,Mid-Market,Northeast,2019-11-29
1864,Customer_1864,Healthcare,Small,South,2011-04-11
1865,Customer_1865,Food & Beverage,Small,South,2017-05-15
1866,Customer_1866,Food & Beverage,Small,Southwest,2022-07-17
1867,Customer_1867,Retail,Small,Southwest,2014-03-13
1868,Customer_1868,Food & Beverage,Mid-Market,Northeast,2023-12-29
1869,Customer_1869,Manufacturing,Small,West,2016-04-11
1870,Customer_1870,Construction,Small,West,2013-05-24
1871,Customer_1871,Manufacturing,Small,South,2015-05-07
1872,Customer_1872,Construction,Small,Midwest,2017-11-14
1873,Customer_1873,Healthcare,Enterprise,West,2020-04-27
1874,Customer_1874,Retail,Mid-Market,South,2023-12-01
1875,Customer_1875,Retail,Mid-Market,Northeast,2024-05-27
1876,Customer_1876,Retail,Small,South,2017-11-30
1877,Customer_1877,Consumer Goods,Small,South,2011-12-02
1878,Customer_1878,Construction,Mid-Market,South,2023-11-24
1879,Customer_1879,Retail,Enterprise,South,2015-03-27
1880,Customer_1880,Manufacturing,Small,Northeast,2019-04-23
1881,Customer_1881,Manufacturing,Small,Southwest,2020-06-21
1882,Customer_1882,Retail,Small,Northeast,2010-03-15
1883,Customer_1883,Automotive,Small,West,2013-04-28
1884,Customer_1884,Construction,Small,West,2020-04-18
1885,Customer_1885,Manufacturing,Small,West,2014-11-15
1886,Customer_1886,Healthcare,Mid-Market,Southwest,2010-02-21
1887,Customer_1887,Retail,Small,Northeast,2010-05-08
1888,Customer_1888,Healthcare,Mid-Market,South,2022-05-25
1889,Customer_1889,Manufacturing,Mid-Market,Northeast,2012-04-20
1890,Customer_1890,Food & Beverage,Small,Midwest,2011-07-05
1891,Customer_1891,Automotive,Small,West,2018-06-08
1892,Customer_1892,Manufacturing,Mid-Market,Southwest,2011-10-14
1893,Customer_1893,Food & Beverage,Enterprise,South,2019-10-18
1894,Customer_1894,Consumer Goods,Mid-Market,South,2018-02-28
1895,Customer_1895,Manufacturing,Small,Southwest,2019-09-25
1896,Customer_1896,Manufacturing,Small,West,2017-05-17
1897,Customer_1897,Food & Beverage,Mid-Market,West,2021-09-03
1898,Customer_1898,Retail,Small,Midwest,2019-09-02
1899,Customer_1899,Manufacturing,Mid-Market,Midwest,2016-03-24
1900,Customer_1900,Retail,Small,South,2010-03-26
1901,Customer_1901,Construction,Small,West,2014-02-07
1902,Customer_1902,Manufacturing,Small,South,2011-12-21
1903,Customer_1903,Retail,Mid-Market,Southwest,2010-03-27
1904,Customer_1904,Healthcare,Small,Northeast,2014-02-05
1905,Customer_1905,Retail,Small,Midwest,2013-02-05
1906,Customer_1906,Healthcare,Small,South,2011-02-25
1907,Customer_1907,Retail,Small,West,2014-09-08
1908,Customer_1908,Consumer Goods,Small,West,2017-08-06
1909,Customer_1909,Food & Beverage,Small,Southwest,2012-09-03
1910,Customer_1910,Manufacturing,Small,West,2014-02-05
1911,Customer_1911,Healthcare,Small,South,2010-04-21
1912,Customer_1912,Retail,Mid-Market,South,2010-10-04
1913,Customer_1913,Manufacturing,Small,Southwest,2012-05-12
1914,Customer_1914,Manufacturing,Mid-Market,Midwest,2016-10-17
1915,Customer_1915,Food & Beverage,Small,Northeast,2019-12-28
1916,Customer_1916,Manufacturing,Small,Southwest,2021-10-28
1917,Customer_1917,Manufacturing,Small,West,2019-06-11
1918,Customer_1918,Manufacturing,Mid-Market,Northeast,2019-04-03
1919,Customer_1919,Retail,Small,West,2024-01-13
1920,Customer_1920,Retail,Small,West,2013-11-01
1921,Customer_1921,Retail,Small,West,2021-12-21
1922,Customer_1922,Manufacturing,Small,Southwest,2024-01-20
1923,Customer_1923,Manufacturing,Enterprise,Midwest,2018-07-08
1924,Customer_1924,Food & Beverage,Small,Midwest,2022-08-10
1925,Customer_1925,Retail,Mid-Market,West,2012-01-24
1926,Customer_1926,Food & Beverage,Small,Northeast,2023-03-07
1927,Customer_1927,Manufacturing,Small,Northeast,2018-06-17
1928,Customer_1928,Manufacturing,Mid-Market,Southwest,2013-04-28
1929,Customer_1929,Manufacturing,Small,South,2010-12-04
1930,Customer_1930,Retail,Small,Midwest,2020-10-18
1931,Customer_1931,Retail,Small,South,2016-06-18
1932,Customer_1932,Healthcare,Small,South,2014-08-26
1933,Customer_1933,Retail,Small,Midwest,2015-11-08
1934,Customer_1934,Retail,Small,Southwest,2024-11-11
1935,Customer_1935,Food & Beverage,Mid-Market,Midwest,2016-06-01
1936,Customer_1936,Manufacturing,Small,Northeast,2011-03-08
1937,Customer_1937,Retail,Small,South,2014-03-13
1938,Customer_1938,Retail,Mid-Market,Northeast,2012-03-07
1939,Customer_1939,Retail,Small,Southwest,2020-04-14
1940,Customer_1940,Manufacturing,Small,South,2022-01-02
1941,Customer_1941,Construction,Small,South,2022-08-12
1942,Customer_1942,Automotive,Small,Northeast,2019-06-29
1943,Customer_1943,Manufacturing,Mid-Market,Midwest,2021-07-11
1944,Customer_1944,Food & Beverage,Small,Southwest,2016-04-04
1945,Customer_1945,Construction,Small,Midwest,2019-06-01
1946,Customer_1946,Manufacturing,Small,West,2011-08-10
1947,Customer_1947,Construction,Small,Northeast,2018-01-28
1948,Customer_1948,Food & Beverage,Small,Northeast,2018-05-12
1949,Customer_1949,Automotive,Small,West,2010-06-20
1950,Customer_1950,Consumer Goods,Small,Northeast,2018-03-23
1951,Customer_1951,Manufacturing,Mid-Market,Midwest,2020-11-04
1952,Customer_1952,Retail,Small,South,2015-07-07
1953,Customer_1953,Retail,Small,Northeast,2018-03-05
1954,Customer_1954,Manufacturing,Small,Midwest,2014-04-17
1955,Customer_1955,Retail,Small,Southwest,2014-01-23
1956,Customer_1956,Consumer Goods,Mid-Market,Northeast,2011-12-11
1957,Customer_1957,Manufacturing,Small,Southwest,2014-12-01
1958,Customer_1958,Retail,Small,Midwest,2022-01-17
1959,Customer_1959,Healthcare,Small,West,2024-01-13
1960,Customer_1960,Retail,Mid-Market,Northeast,2019-07-14
1961,Customer_1961,Retail,Small,Southwest,2019-05-14
1962,Customer_1962,Consumer Goods,Small,Northeast,2019-03-17
1963,Customer_1963,Retail,Mid-Market,Southwest,2017-02-20
1964,Customer_1964,Manufacturing,Small,West,2016-05-06
1965,Customer_1965,Manufacturing,Mid-Market,South,2019-04-25
1966,Customer_1966,Automotive,Mid-Market,Northeast,2021-10-06
1967,Customer_1967,Manufacturing,Enterprise,West,2016-03-16
1968,Customer_1968,Retail,Small,Northeast,2018-06-27
1969,Customer_1969,Manufacturing,Mid-Market,West,2017-01-19
1970,Customer_1970,Retail,Small,West,2014-04-14
1971,Customer_1971,Automotive,Mid-Market,South,2014-05-10
1972,Customer_1972,Retail,Small,South,2011-03-08
1973,Customer_1973,Consumer Goods,Small,South,2016-08-06
1974,Customer_1974,Manufacturing,Small,South,2020-09-07
1975,Customer_1975,Retail,Small,Northeast,2020-04-13
1976,Customer_1976,Healthcare,Small,South,2024-10-13
1977,Customer_1977,Retail,Small,West,2010-08-07
1978,Customer_1978,Manufacturing,Small,South,2021-05-29
1979,Customer_1979,Healthcare,Small,West,2021-12-04
1980,Customer_1980,Retail,Mid-Market,Southwest,2016-07-18
1981,Customer_1981,Retail,Small,West,2014-03-31
1982,Customer_1982,Consumer Goods,Small,Midwest,2015-05-11
1983,Customer_1983,Manufacturing,Small,South,2020-03-28
1984,Customer_1984,Retail,Small,Southwest,2022-12-06
1985,Customer_1985,Manufacturing,Mid-Market,South,2019-08-22
1986,Customer_1986,Retail,Small,Midwest,2017-09-17
1987,Customer_1987,Manufacturing,Small,Midwest,2019-10-16
1988,Customer_1988,Food & Beverage,Small,West,2011-01-22
1989,Customer_1989,Manufacturing,Small,Midwest,2019-02-14
1990,Customer_1990,Food & Beverage,Small,West,2010-08-19
1991,Customer_1991,Manufacturing,Small,Southwest,2024-05-20
1992,Customer_1992,Retail,Mid-Market,South,2023-05-04
1993,Customer_1993,Retail,Small,Southwest,2017-08-16
1994,Customer_1994,Construction,Small,Northeast,2015-08-12
1995,Customer_1995,Retail,Mid-Market,Southwest,2020-12-25
1996,Customer_1996,Retail,Small,Northeast,2019-07-25
1997,Customer_1997,Healthcare,Small,Southwest,2020-07-31
1998,Customer_1998,Food & Beverage,Small,South,2017-09-25
1999,Customer_1999,Manufacturing,Enterprise,Southwest,2013-07-18
2000,Customer_2000,Automotive,Mid-Market,Northeast,2011-02-06
2001,Customer_2001,Retail,Small,Midwest,2014-04-01
2002,Customer_2002,Manufacturing,Mid-Market,Southwest,2017-12-07
2003,Customer_2003,Retail,Small,Northeast,2016-05-11
2004,Customer_2004,Manufacturing,Mid-Market,South,2017-08-05
2005,Customer_2005,Manufacturing,Mid-Market,Northeast,2014-03-02
2006,Customer_2006,Construction,Mid-Market,South,2024-01-25
2007,Customer_2007,Manufacturing,Mid-Market,South,2015-07-03
2008,Customer_2008,Healthcare,Small,West,2022-09-10
2009,Customer_2009,Automotive,Small,South,2015-11-12
2010,Customer_2010,Food & Beverage,Small,Northeast,2016-08-26
2011,Customer_2011,Construction,Mid-Market,Northeast,2019-01-21
2012,Customer_2012,Construction,Mid-Market,Southwest,2013-12-12
2013,Customer_2013,Consumer Goods,Mid-Market,Southwest,2013-04-19
2014,Customer_2014,Retail,Small,South,2015-09-09
2015,Customer_2015,Manufacturing,Small,Northeast,2022-01-23
2016,Customer_2016,Retail,Small,Northeast,2012-03-03
2017,Customer_2017,Retail,Small,Southwest,2016-07-24
2018,Customer_2018,Manufacturing,Small,West,2020-01-30
2019,Customer_2019,Food & Beverage,Mid-Market,West,2020-08-04
2020,Customer_2020,Manufacturing,Small,South,2016-07-07
2021,Customer_2021,Automotive,Small,West,2011-03-23
2022,Customer_2022,Manufacturing,Small,Northeast,2010-03-29
2023,Customer_2023,Manufacturing,Mid-Market,West,2017-01-18
2024,Customer_2024,Manufacturing,Small,Midwest,2022-02-24
2025,Customer_2025,Manufacturing,Small,South,2010-06-04
2026,Customer_2026,Manufacturing,Small,West,2020-02-20
2027,Customer_2027,Manufacturing,Small,West,2010-02-14
2028,Customer_2028,Manufacturing,Small,Midwest,2015-02-26
2029,Customer_2029,Manufacturing,Small,Northeast,2013-04-22
2030,Customer_2030,Retail,Small,Northeast,2024-03-28
2031,Customer_2031,Retail,Small,Southwest,2014-11-11
2032,Customer_2032,Retail,Small,South,2014-03-04
2033,Customer_2033,Retail,Small,South,2018-06-16
2034,Customer_2034,Manufacturing,Small,West,2010-01-28
2035,Customer_2035,Manufacturing,Small,South,2013-11-10
2036,Customer_2036,Manufacturing,Enterprise,South,2012-06-25
2037,Customer_2037,Construction,Small,West,2019-04-20
2038,Customer_2038,Consumer Goods,Small,Midwest,2020-01-15
2039,Customer_2039,Automotive,Small,West,2017-01-02
2040,Customer_2040,Retail,Small,Northeast,2012-02-07
2041,Customer_2041,Retail,Mid-Market,Midwest,2015-07-24
2042,Customer_2042,Retail,Small,Midwest,2022-08-23
2043,Customer_2043,Construction,Small,West,2013-01-20
2044,Customer_2044,Construction,Small,Northeast,2012-06-13
2045,Customer_2045,Healthcare,Small,Northeast,2011-09-03
2046,Customer_2046,Healthcare,Small,West,2022-04-01
2047,Customer_2047,Retail,Mid-Market,West,2011-10-19
2048,Customer_2048,Construction,Small,Southwest,2018-09-22
2049,Customer_2049,Healthcare,Mid-Market,South,2024-12-25
2050,Customer_2050,Retail,Mid-Market,Southwest,2019-08-17
2051,Customer_2051,Automotive,Small,South,2016-03-08
2052,Customer_2052,Manufacturing,Small,West,2013-02-06
2053,Customer_2053,Consumer Goods,Small,Northeast,2010-01-11
2054,Customer_2054,Construction,Mid-Market,Southwest,2012-05-02
2055,Customer_2055,Manufacturing,Small,South,2024-04-17
2056,Customer_2056,Food & Beverage,Mid-Market,Southwest,2012-02-26
2057,Customer_2057,Manufacturing,Small,South,2010-04-20
2058,Customer_2058,Construction,Mid-Market,West,2022-03-29
2059,Customer_2059,Construction,Small,Midwest,2016-04-12
2060,Customer_2060,Food & Beverage,Small,Northeast,2015-05-10
2061,Customer_2061,Healthcare,Small,Northeast,2020-10-05
2062,Customer_2062,Manufacturing,Small,West,2017-11-05
2063,Customer_2063,Manufacturing,Small,Northeast,2023-09-20
2064,Customer_2064,Retail,Mid-Market,South,2017-01-05
2065,Customer_2065,Manufacturing,Small,Midwest,2020-09-10
2066,Customer_2066,Retail,Enterprise,South,2023-03-08
2067,Customer_2067,Manufacturing,Small,Northeast,2016-12-14
2068,Customer_2068,Retail,Small,West,2014-04-07
2069,Customer_2069,Retail,Small,West,2024-08-12
2070,Customer_2070,Healthcare,Small,West,2013-05-27
2071,Customer_2071,Manufacturing,Small,Southwest,2010-08-04
2072,Customer_2072,Healthcare,Small,Northeast,2018-09-03
2073,Customer_2073,Retail,Mid-Market,Midwest,2024-10-20
2074,Customer_2074,Retail,Small,South,2011-04-19
2075,Customer_2075,Retail,Small,Southwest,2022-09-27
2076,Customer_2076,Retail,Mid-Market,Midwest,2022-06-16
2077,Customer_2077,Manufacturing,Small,Northeast,2023-12-07
2078,Customer_2078,Retail,Small,West,2016-04-28
2079,Customer_2079,Manufacturing,Small,Northeast,2013-10-27
2080,Customer_2080,Retail,Mid-Market,South,2017-09-06
2081,Customer_2081,Food & Beverage,Small,West,2012-02-20
2082,Customer_2082,Retail,Small,Midwest,2022-08-23
2083,Customer_2083,Healthcare,Small,West,2019-12-13
2084,Customer_2084,Manufacturing,Mid-Market,Midwest,2017-04-01
2085,Customer_2085,Consumer Goods,Mid-Market,Southwest,2017-09-26
2086,Customer_2086,Construction,Small,Midwest,2020-09-06
2087,Customer_2087,Consumer Goods,Small,Northeast,2017-11-05
2088,Customer_2088,Healthcare,Small,Northeast,2022-08-06
2089,Customer_2089,Manufacturing,Small,West,2023-11-14
2090,Customer_2090,Retail,Small,Northeast,2024-03-30
2091,Customer_2091,Manufacturing,Small,South,2019-04-20
2092,Customer_2092,Healthcare,Small,Northeast,2021-02-19
2093,Customer_2093,Food & Beverage,Small,South,2014-09-01
2094,Customer_2094,Manufacturing,Small,Midwest,2010-07-28
2095,Customer_2095,Automotive,Small,Northeast,2016-01-01
2096,Customer_2096,Manufacturing,Small,Midwest,2023-01-28
2097,Customer_2097,Food & Beverage,Mid-Market,Southwest,2012-01-02
2098,Customer_2098,Construction,Small,Northeast,2018-03-09
2099,Customer_2099,Manufacturing,Small,Northeast,2012-11-19
2100,Customer_2100,Food & Beverage,Small,South,2016-06-09
2101,Customer_2101,Healthcare,Small,Southwest,2012-02-25
2102,Customer_2102,Manufacturing,Mid-Market,Midwest,2021-01-07
2103,Customer_2103,Retail,Mid-Market,West,2022-02-25
2104,Customer_2104,Manufacturing,Small,Northeast,2021-05-17
2105,Customer_2105,Food & Beverage,Mid-Market,West,2020-07-28
2106,Customer_2106,Manufacturing,Mid-Market,Northeast,2013-07-12
2107,Customer_2107,Automotive,Small,West,2017-12-15
2108,Customer_2108,Healthcare,Mid-Market,Northeast,2011-07-29
2109,Customer_2109,Manufacturing,Small,Southwest,2015-08-13
2110,Customer_2110,Retail,Small,South,2017-08-02
2111,Customer_2111,Food & Beverage,Small,Northeast,2020-01-11
2112,Customer_2112,Construction,Mid-Market,South,2011-06-15
2113,Customer_2113,Retail,Small,Northeast,2022-03-12
2114,Customer_2114,Manufacturing,Mid-Market,Northeast,2016-11-18
2115,Customer_2115,Manufacturing,Small,Midwest,2023-03-21
2116,Customer_2116,Consumer Goods,Small,South,2017-11-29
2117,Customer_2117,Retail,Small,South,2018-03-16
2118,Customer_2118,Healthcare,Small,Southwest,2020-05-22
2119,Customer_2119,Retail,Small,Northeast,2022-04-19
2120,Customer_2120,Automotive,Mid-Market,South,2012-05-13
2121,Customer_2121,Manufacturing,Small,Northeast,2017-09-01
2122,Customer_2122,Manufacturing,Small,Midwest,2010-06-14
2123,Customer_2123,Automotive,Mid-Market,South,2017-02-12
2124,Customer_2124,Automotive,Small,Northeast,2022-03-15
2125,Customer_2125,Retail,Small,Northeast,2022-12-24
2126,Customer_2126,Retail,Small,Southwest,2014-04-03
2127,Customer_2127,Retail,Small,Northeast,2015-10-18
2128,Customer_2128,Retail,Mid-Market,West,2018-04-10
2129,Customer_2129,Manufacturing,Small,Southwest,2015-12-09
2130,Customer_2130,Healthcare,Mid-Market,Midwest,2012-09-02
2131,Customer_2131,Manufacturing,Small,South,2014-07-29
2132,Customer_2132,Construction,Mid-Market,West,2016-01-23
2133,Customer_2133,Manufacturing,Small,Southwest,2017-10-12
2134,Customer_2134,Manufacturing,Small,Northeast,2023-10-23
2135,Customer_2135,Food & Beverage,Small,Southwest,2018-03-04
2136,Customer_2136,Retail,Small,Southwest,2015-10-22
2137,Customer_2137,Food & Beverage,Small,Northeast,2019-11-28
2138,Customer_2138,Manufacturing,Mid-Market,Northeast,2021-08-05
2139,Customer_2139,Automotive,Small,West,2016-06-16
2140,Customer_2140,Construction,Small,Northeast,2017-05-04
2141,Customer_2141,Healthcare,Small,West,2013-04-08
2142,Customer_2142,Manufacturing,Mid-Market,Northeast,2022-12-21
2143,Customer_2143,Retail,Small,West,2023-01-01
2144,Customer_2144,Retail,Small,South,2012-08-16
2145,Customer_2145,Retail,Mid-Market,Northeast,2015-03-11
2146,Customer_2146,Manufacturing,Mid-Market,Northeast,2014-01-29
2147,Customer_2147,Manufacturing,Small,Northeast,2023-11-04
2148,Customer_2148,Retail,Small,Midwest,2010-12-24
2149,Customer_2149,Manufacturing,Mid-Market,Northeast,2013-02-09
2150,Customer_2150,Retail,Small,Southwest,2014-09-22
2151,Customer_2151,Manufacturing,Mid-Market,West,2018-05-26
2152,Customer_2152,Manufacturing,Mid-Market,South,2013-09-25
2153,Customer_2153,Food & Beverage,Small,Southwest,2018-01-18
2154,Customer_2154,Retail,Mid-Market,West,2021-03-17
2155,Customer_2155,Retail,Small,West,2022-06-06
2156,Customer_2156,Retail,Mid-Market,Northeast,2011-06-27
2157,Customer_2157,Construction,Small,West,2012-01-31
2158,Customer_2158,Retail,Mid-Market,Midwest,2011-06-06
2159,Customer_2159,Food & Beverage,Small,Southwest,2023-08-25
2160,Customer_2160,Consumer Goods,Small,Midwest,2019-10-13
2161,Customer_2161,Retail,Mid-Market,West,2017-12-21
2162,Customer_2162,Automotive,Small,South,2021-11-11
2163,Customer_2163,Construction,Mid-Market,Northeast,2018-10-16
2164,Customer_2164,Manufacturing,Small,Northeast,2013-07-13
2165,Customer_2165,Retail,Mid-Market,Southwest,2017-08-26
2166,Customer_2166,Food & Beverage,Small,West,2020-07-19
2167,Customer_2167,Consumer Goods,Mid-Market,South,2010-07-17
2168,Customer_2168,Retail,Mid-Market,West,2019-02-04
2169,Customer_2169,Manufacturing,Small,Northeast,2017-06-16
2170,Customer_2170,Food & Beverage,Mid-Market,Northeast,2011-01-16
2171,Customer_2171,Manufacturing,Mid-Market,Midwest,2013-12-14
2172,Customer_2172,Construction,Small,West,2016-09-23
2173,Customer_2173,Retail,Mid-Market,Southwest,2015-02-21
2174,Customer_2174,Construction,Small,West,2014-05-08
2175,Customer_2175,Healthcare,Small,South,2019-09-26
2176,Customer_2176,Food & Beverage,Mid-Market,Southwest,2016-01-25
2177,Customer_2177,Food & Beverage,Mid-Market,Midwest,2017-06-19
2178,Customer_2178,Construction,Small,Southwest,2021-12-22
2179,Customer_2179,Healthcare,Small,Northeast,2011-05-26
2180,Customer_2180,Healthcare,Small,Northeast,2015-05-26
2181,Customer_2181,Manufacturing,Mid-Market,Northeast,2011-02-05
2182,Customer_2182,Food & Beverage,Small,Southwest,2023-11-28
2183,Customer_2183,Manufacturing,Small,Northeast,2012-10-14
2184,Customer_2184,Healthcare,Small,Southwest,2022-04-19
2185,Customer_2185,Food & Beverage,Small,West,2012-11-11
2186,Customer_2186,Retail,Small,Northeast,2014-11-11
2187,Customer_2187,Manufacturing,Small,Southwest,2019-02-15
2188,Customer_2188,Retail,Small,Northeast,2022-06-21
2189,Customer_2189,Construction,Small,Northeast,2012-09-01
2190,Customer_2190,Manufacturing,Mid-Market,Midwest,2013-03-13
2191,Customer_2191,Manufacturing,Small,South,2023-03-24
2192,Customer_2192,Healthcare,Small,South,2014-10-30
2193,Customer_2193,Construction,Small,Northeast,2013-02-23
2194,Customer_2194,Manufacturing,Mid-Market,West,2021-02-25
2195,Customer_2195,Manufacturing,Small,Northeast,2011-05-15
2196,Customer_2196,Consumer Goods,Mid-Market,South,2023-01-02
2197,Customer_2197,Construction,Mid-Market,Midwest,2023-02-19
2198,Customer_2198,Food & Beverage,Small,Midwest,2022-11-06
2199,Customer_2199,Retail,Small,West,2014-06-06
2200,Customer_2200,Manufacturing,Small,South,2011-09-18
2201,Customer_2201,Manufacturing,Mid-Market,West,2016-05-19
2202,Customer_2202,Construction,Small,West,2015-01-07
2203,Customer_2203,Manufacturing,Small,South,2024-05-20
2204,Customer_2204,Manufacturing,Small,South,2019-06-23
2205,Customer_2205,Construction,Small,Midwest,2024-03-01
2206,Customer_2206,Automotive,Mid-Market,Midwest,2021-04-06
2207,Customer_2207,Construction,Small,Northeast,2020-09-21
2208,Customer_2208,Retail,Small,Midwest,2011-09-05
2209,Customer_2209,Retail,Small,Northeast,2011-01-13
2210,Customer_2210,Retail,Small,Midwest,2010-09-12
2211,Customer_2211,Retail,Mid-Market,Southwest,2018-11-25
2212,Customer_2212,Retail,Small,Midwest,2013-01-09
2213,Customer_2213,Retail,Enterprise,West,2024-11-01
2214,Customer_2214,Food & Beverage,Small,South,2011-12-28
2215,Customer_2215,Healthcare,Enterprise,Southwest,2024-03-15
2216,Customer_2216,Consumer Goods,Small,Southwest,2020-01-06
2217,Customer_2217,Manufacturing,Mid-Market,Southwest,2011-08-04
2218,Customer_2218,Retail,Mid-Market,West,2010-11-17
2219,Customer_2219,Manufacturing,Small,West,2015-12-10
2220,Customer_2220,Retail,Mid-Market,Midwest,2015-01-31
2221,Customer_2221,Manufacturing,Small,Southwest,2014-09-25
2222,Customer_2222,Manufacturing,Small,Southwest,2017-12-05
2223,Customer_2223,Construction,Small,Midwest,2011-12-12
2224,Customer_2224,Retail,Small,Northeast,2011-12-11
2225,Customer_2225,Automotive,Small,Northeast,2020-06-03
2226,Customer_2226,Manufacturing,Small,South,2024-11-07
2227,Customer_2227,Manufacturing,Small,Northeast,2014-02-09
2228,Customer_2228,Retail,Mid-Market,South,2023-12-24
2229,Customer_2229,Manufacturing,Small,Northeast,2015-03-05
2230,Customer_2230,Manufacturing,Mid-Market,Southwest,2015-01-14
2231,Customer_2231,Consumer Goods,Small,Northeast,2011-05-10
2232,Customer_2232,Manufacturing,Small,West,2016-05-07
2233,Customer_2233,Manufacturing,Small,South,2017-06-20
2234,Customer_2234,Food & Beverage,Mid-Market,Northeast,2019-12-16
2235,Customer_2235,Retail,Small,West,2012-05-16
2236,Customer_2236,Food & Beverage,Small,Southwest,2012-10-30
2237,Customer_2237,Retail,Mid-Market,West,2016-06-24
2238,Customer_2238,Healthcare,Mid-Market,Southwest,2011-01-17
2239,Customer_2239,Manufacturing,Small,Midwest,2012-02-25
2240,Customer_2240,Retail,Small,West,2019-06-09
2241,Customer_2241,Food & Beverage,Small,Northeast,2024-04-22
2242,Customer_2242,Healthcare,Mid-Market,Southwest,2018-08-05
2243,Customer_2243,Retail,Mid-Market,West,2012-03-05
2244,Customer_2244,Food & Beverage,Small,South,2024-11-11
2245,Customer_2245,Manufacturing,Small,South,2017-10-29
2246,Customer_2246,Manufacturing,Small,West,2020-10-01
2247,Customer_2247,Manufacturing,Mid-Market,Northeast,2012-12-15
2248,Customer_2248,Construction,Small,Southwest,2018-09-04
2249,Customer_2249,Manufacturing,Small,South,2011-02-23
2250,Customer_2250,Construction,Small,Northeast,2019-05-21
2251,Customer_2251,Manufacturing,Small,South,2013-01-13
2252,Customer_2252,Healthcare,Small,Southwest,2023-08-23
2253,Customer_2253,Healthcare,Small,South,2010-10-28
2254,Customer_2254,Manufacturing,Mid-Market,Midwest,2019-10-16
2255,Customer_2255,Manufacturing,Small,Southwest,2012-02-03
2256,Customer_2256,Manufacturing,Mid-Market,Northeast,2020-04-22
2257,Customer_2257,Healthcare,Small,West,2024-07-05
2258,Customer_2258,Manufacturing,Mid-Market,South,2019-10-11
2259,Customer_2259,Retail,Small,West,2015-07-31
2260,Customer_2260,Retail,Small,Northeast,2011-04-24
2261,Customer_2261,Construction,Small,Northeast,2018-12-08
2262,Customer_2262,Retail,Small,West,2016-08-12
2263,Customer_2263,Retail,Small,Southwest,2010-10-15
2264,Customer_2264,Consumer Goods,Small,Southwest,2018-09-20
2265,Customer_2265,Manufacturing,Small,West,2013-02-24
2266,Customer_2266,Healthcare,Small,Midwest,2013-07-07
2267,Customer_2267,Manufacturing,Mid-Market,Northeast,2010-02-19
2268,Customer_2268,Retail,Small,South,2015-08-01
2269,Customer_2269,Healthcare,Small,West,2013-04-10
2270,Customer_2270,Food & Beverage,Small,South,2011-01-29
2271,Customer_2271,Food & Beverage,Small,Midwest,2016-07-07
2272,Customer_2272,Manufacturing,Mid-Market,Northeast,2013-04-20
2273,Customer_2273,Retail,Small,Midwest,2012-01-05
2274,Customer_2274,Retail,Mid-Market,South,2016-12-31
2275,Customer_2275,Retail,Small,Northeast,2010-12-13
2276,Customer_2276,Retail,Mid-Market,Northeast,2024-11-08
2277,Customer_2277,Retail,Mid-Market,Midwest,2017-01-23
2278,Customer_2278,Retail,Mid-Market,South,2024-12-10
2279,Customer_2279,Manufacturing,Small,Northeast,2023-03-22
2280,Customer_2280,Retail,Small,Midwest,2024-09-10
2281,Customer_2281,Manufacturing,Mid-Market,Northeast,2018-02-21
2282,Customer_2282,Healthcare,Mid-Market,Northeast,2016-05-06
2283,Customer_2283,Food & Beverage,Small,Northeast,2020-10-18
2284,Customer_2284,Manufacturing,Small,Midwest,2011-03-18
2285,Customer_2285,Food & Beverage,Small,Southwest,2022-08-08
2286,Customer_2286,Healthcare,Small,South,2014-11-08
2287,Customer_2287,Manufacturing,Enterprise,South,2010-02-10
2288,Customer_2288,Manufacturing,Mid-Market,South,2013-07-26
2289,Customer_2289,Manufacturing,Small,South,2013-08-20
2290,Customer_2290,Manufacturing,Small,West,2010-03-19
2291,Customer_2291,Construction,Small,South,2020-01-11
2292,Customer_2292,Consumer Goods,Small,West,2011-06-06
2293,Customer_2293,Manufacturing,Enterprise,Southwest,2022-09-13
2294,Customer_2294,Construction,Small,Southwest,2016-10-18
2295,Customer_2295,Manufacturing,Small,Midwest,2020-10-09
2296,Customer_2296,Food & Beverage,Small,West,2015-02-04
2297,Customer_2297,Construction,Mid-Market,Southwest,2011-12-25
2298,Customer_2298,Retail,Small,West,2012-09-14
2299,Customer_2299,Manufacturing,Mid-Market,South,2019-09-09
2300,Customer_2300,Food & Beverage,Mid-Market,Northeast,2020-09-27
2301,Customer_2301,Consumer Goods,Small,Northeast,2014-01-05
2302,Customer_2302,Manufacturing,Small,Southwest,2015-05-11
2303,Customer_2303,Manufacturing,Small,Midwest,2024-03-05
2304,Customer_2304,Manufacturing,Small,South,2022-10-11
2305,Customer_2305,Food & Beverage,Small,South,2016-03-12
2306,Customer_2306,Food & Beverage,Small,South,2013-08-13
2307,Customer_2307,Construction,Mid-Market,Southwest,2014-07-09
2308,Customer_2308,Construction,Small,West,2018-01-28
2309,Customer_2309,Healthcare,Small,Southwest,2018-07-02
2310,Customer_2310,Healthcare,Mid-Market,South,2012-10-05
2311,Customer_2311,Manufacturing,Mid-Market,Midwest,2010-12-27
2312,Customer_2312,Food & Beverage,Small,Northeast,2017-06-06
2313,Customer_2313,Manufacturing,Small,Southwest,2021-12-17
2314,Customer_2314,Retail,Small,Midwest,2012-04-15
2315,Customer_2315,Automotive,Small,Midwest,2012-06-04
2316,Customer_2316,Food & Beverage,Small,Midwest,2013-08-19
2317,Customer_2317,Consumer Goods,Small,South,2019-03-08
2318,Customer_2318,Retail,Small,Southwest,2014-04-17
2319,Customer_2319,Retail,Mid-Market,Midwest,2013-12-16
2320,Customer_2320,Retail,Small,West,2024-12-07
2321,Customer_2321,Manufacturing,Small,Northeast,2012-08-02
2322,Customer_2322,Manufacturing,Mid-Market,South,2012-11-02
2323,Customer_2323,Retail,Small,Southwest,2023-12-12
2324,Customer_2324,Manufacturing,Small,Northeast,2018-04-03
2325,Customer_2325,Automotive,Small,Northeast,2010-08-24
2326,Customer_2326,Manufacturing,Mid-Market,Southwest,2016-05-16
2327,Customer_2327,Manufacturing,Mid-Market,South,2018-06-23
2328,Customer_2328,Construction,Small,South,2013-10-18
2329,Customer_2329,Manufacturing,Mid-Market,Midwest,2018-03-23
2330,Customer_2330,Automotive,Small,Northeast,2019-09-23
2331,Customer_2331,Construction,Small,Northeast,2013-10-04
2332,Customer_2332,Manufacturing,Small,Northeast,2022-03-09
2333,Customer_2333,Food & Beverage,Small,Northeast,2016-10-16
2334,Customer_2334,Food & Beverage,Small,Northeast,2024-06-13
2335,Customer_2335,Construction,Small,West,2011-04-26
2336,Customer_2336,Healthcare,Small,South,2014-11-12
2337,Customer_2337,Construction,Mid-Market,Northeast,2020-10-26
2338,Customer_2338,Food & Beverage,Mid-Market,Northeast,2023-06-04
2339,Customer_2339,Retail,Mid-Market,Midwest,2013-04-29
2340,Customer_2340,Food & Beverage,Small,Southwest,2024-09-13
2341,Customer_2341,Consumer Goods,Mid-Market,South,2012-11-25
2342,Customer_2342,Food & Beverage,Mid-Market,Northeast,2016-03-29
2343,Customer_2343,Food & Beverage,Small,South,2014-09-21
2344,Customer_2344,Retail,Small,Midwest,2016-05-13
2345,Customer_2345,Construction,Mid-Market,Northeast,2023-07-15
2346,Customer_2346,Consumer Goods,Small,Southwest,2020-12-26
2347,Customer_2347,Manufacturing,Small,West,2021-12-12
2348,Customer_2348,Manufacturing,Small,South,2013-10-23
2349,Customer_2349,Retail,Small,Southwest,2024-03-15
2350,Customer_2350,Retail,Small,South,2016-07-13
2351,Customer_2351,Food & Beverage,Mid-Market,Northeast,2019-10-12
2352,Customer_2352,Manufacturing,Mid-Market,Southwest,2020-06-19
2353,Customer_2353,Retail,Mid-Market,Southwest,2019-12-11
2354,Customer_2354,Food & Beverage,Small,South,2019-01-10
2355,Customer_2355,Food & Beverage,Small,Midwest,2017-03-14
2356,Customer_2356,Food & Beverage,Small,Northeast,2019-09-18
2357,Customer_2357,Construction,Small,West,2023-07-30
2358,Customer_2358,Food & Beverage,Small,West,2012-09-13
2359,Customer_2359,Construction,Enterprise,West,2015-04-30
2360,Customer_2360,Food & Beverage,Mid-Market,Midwest,2021-07-31
2361,Customer_2361,Retail,Small,West,2019-08-09
2362,Customer_2362,Food & Beverage,Mid-Market,Midwest,2013-03-02
2363,Customer_2363,Manufacturing,Small,Southwest,2018-03-11
2364,Customer_2364,Manufacturing,Small,Northeast,2022-03-06
2365,Customer_2365,Retail,Small,Midwest,2011-11-11
2366,Customer_2366,Healthcare,Mid-Market,Midwest,2010-12-06
2367,Customer_2367,Food & Beverage,Mid-Market,Midwest,2015-11-22
2368,Customer_2368,Manufacturing,Mid-Market,Northeast,2019-11-06
2369,Customer_2369,Food & Beverage,Small,South,2014-09-13
2370,Customer_2370,Manufacturing,Small,Southwest,2022-04-25
2371,Customer_2371,Construction,Small,Northeast,2022-09-13
2372,Customer_2372,Healthcare,Mid-Market,West,2017-12-27
2373,Customer_2373,Food & Beverage,Small,West,2015-09-07
2374,Customer_2374,Food & Beverage,Mid-Market,Midwest,2010-08-17
2375,Customer_2375,Retail,Small,Northeast,2022-04-28
2376,Customer_2376,Retail,Small,Northeast,2023-06-06
2377,Customer_2377,Healthcare,Small,South,2016-08-20
2378,Customer_2378,Construction,Small,Northeast,2017-09-30
2379,Customer_2379,Retail,Mid-Market,Northeast,2021-04-20
2380,Customer_2380,Retail,Small,Northeast,2020-06-06
2381,Customer_2381,Manufacturing,Small,Northeast,2012-01-12
2382,Customer_2382,Manufacturing,Small,Southwest,2020-01-31
2383,Customer_2383,Manufacturing,Small,West,2023-11-14
2384,Customer_2384,Retail,Mid-Market,Northeast,2021-04-05
2385,Customer_2385,Automotive,Mid-Market,West,2017-03-17
2386,Customer_2386,Retail,Small,Northeast,2017-11-05
2387,Customer_2387,Manufacturing,Small,Midwest,2013-11-24
2388,Customer_2388,Manufacturing,Small,Northeast,2019-11-29
2389,Customer_2389,Retail,Small,Northeast,2013-08-15
2390,Customer_2390,Healthcare,Small,Northeast,2015-02-16
2391,Customer_2391,Retail,Enterprise,Midwest,2013-12-23
2392,Customer_2392,Construction,Mid-Market,Midwest,2015-01-11
2393,Customer_2393,Healthcare,Small,South,2015-07-02
2394,Customer_2394,Manufacturing,Small,West,2011-03-31
2395,Customer_2395,Food & Beverage,Small,West,2020-10-05
2396,Customer_2396,Consumer Goods,Mid-Market,West,2016-08-12
2397,Customer_2397,Retail,Small,Midwest,2024-03-29
2398,Customer_2398,Manufacturing,Small,Midwest,2012-09-17
2399,Customer_2399,Automotive,Enterprise,Midwest,2020-01-13
2400,Customer_2400,Healthcare,Mid-Market,South,2012-09-08
2401,Customer_2401,Retail,Small,Midwest,2018-03-17
2402,Customer_2402,Food & Beverage,Small,Northeast,2017-05-13
2403,Customer_2403,Manufacturing,Small,Southwest,2016-09-23
2404,Customer_2404,Healthcare,Small,South,2019-10-27
2405,Customer_2405,Retail,Small,West,2022-06-03
2406,Customer_2406,Manufacturing,Small,Southwest,2014-10-02
2407,Customer_2407,Food & Beverage,Small,Midwest,2022-09-29
2408,Customer_2408,Consumer Goods,Small,Southwest,2012-10-09
2409,Customer_2409,Healthcare,Small,Midwest,2014-05-25
2410,Customer_2410,Manufacturing,Small,Northeast,2014-08-29
2411,Customer_2411,Manufacturing,Small,Northeast,2024-04-19
2412,Customer_2412,Automotive,Mid-Market,Northeast,2011-10-12
2413,Customer_2413,Automotive,Small,Southwest,2015-12-05
2414,Customer_2414,Retail,Small,Midwest,2016-05-14
2415,Customer_2415,Food & Beverage,Small,South,2021-12-31
2416,Customer_2416,Retail,Small,Midwest,2017-04-15
2417,Customer_2417,Retail,Small,South,2024-07-02
2418,Customer_2418,Manufacturing,Small,Southwest,2021-02-07
2419,Customer_2419,Manufacturing,Mid-Market,Southwest,2020-07-21
2420,Customer_2420,Manufacturing,Mid-Market,Northeast,2012-06-03
2421,Customer_2421,Healthcare,Mid-Market,West,2016-09-25
2422,Customer_2422,Manufacturing,Small,South,2018-10-16
2423,Customer_2423,Manufacturing,Mid-Market,Northeast,2013-02-16
2424,Customer_2424,Retail,Small,Southwest,2011-10-13
2425,Customer_2425,Manufacturing,Small,Northeast,2012-01-14
2426,Customer_2426,Manufacturing,Mid-Market,South,2021-11-01
2427,Customer_2427,Food & Beverage,Small,Northeast,2019-11-08
2428,Customer_2428,Retail,Small,Midwest,2014-03-22
2429,Customer_2429,Food & Beverage,Mid-Market,Midwest,2021-01-21
2430,Customer_2430,Automotive,Small,South,2020-06-05
2431,Customer_2431,Manufacturing,Mid-Market,Northeast,2022-03-31
2432,Customer_2432,Automotive,Small,Northeast,2023-08-26
2433,Customer_2433,Automotive,Mid-Market,Southwest,2023-03-26
2434,Customer_2434,Healthcare,Mid-Market,Southwest,2012-09-18
2435,Customer_2435,Food & Beverage,Small,Southwest,2021-07-15
2436,Customer_2436,Food & Beverage,Small,Midwest,2015-11-23
2437,Customer_2437,Food & Beverage,Small,Midwest,2016-01-18
2438,Customer_2438,Food & Beverage,Small,West,2019-09-15
2439,Customer_2439,Manufacturing,Mid-Market,West,2019-01-12
2440,Customer_2440,Consumer Goods,Small,Midwest,2016-04-17
2441,Customer_2441,Food & Beverage,Small,South,2024-12-28
2442,Customer_2442,Construction,Small,Midwest,2012-08-15
2443,Customer_2443,Retail,Enterprise,Northeast,2011-06-15
2444,Customer_2444,Manufacturing,Mid-Market,Northeast,2010-06-09
2445,Customer_2445,Retail,Small,West,2022-03-19
2446,Customer_2446,Retail,Small,Southwest,2016-02-06
2447,Customer_2447,Retail,Mid-Market,Northeast,2016-07-23
2448,Customer_2448,Retail,Mid-Market,Northeast,2019-09-27
2449,Customer_2449,Manufacturing,Mid-Market,Northeast,2016-07-13
2450,Customer_2450,Retail,Small,West,2018-08-11
2451,Customer_2451,Retail,Small,South,2010-11-17
2452,Customer_2452,Consumer Goods,Mid-Market,South,2012-05-05
2453,Customer_2453,Manufacturing,Small,Northeast,2023-12-24
2454,Customer_2454,Retail,Small,Southwest,2016-10-04
2455,Customer_2455,Manufacturing,Small,Midwest,2012-07-05
2456,Customer_2456,Retail,Small,West,2015-07-17
2457,Customer_2457,Retail,Mid-Market,West,2015-01-08
2458,Customer_2458,Food & Beverage,Small,Northeast,2014-02-11
2459,Customer_2459,Consumer Goods,Small,Southwest,2014-05-28
2460,Customer_2460,Manufacturing,Small,Midwest,2020-12-08
2461,Customer_2461,Food & Beverage,Small,West,2011-08-08
2462,Customer_2462,Manufacturing,Mid-Market,South,2014-08-24
2463,Customer_2463,Manufacturing,Small,Southwest,2017-01-07
2464,Customer_2464,Retail,Small,Southwest,2018-02-06
2465,Customer_2465,Manufacturing,Small,Midwest,2023-03-17
2466,Customer_2466,Food & Beverage,Small,Northeast,2023-11-06
2467,Customer_2467,Food & Beverage,Mid-Market,Southwest,2014-06-18
2468,Customer_2468,Construction,Small,Southwest,2018-02-02
2469,Customer_2469,Retail,Small,Midwest,2010-05-03
2470,Customer_2470,Food & Beverage,Small,Midwest,2019-04-04
2471,Customer_2471,Retail,Mid-Market,South,2012-04-17
2472,Customer_2472,Manufacturing,Mid-Market,Northeast,2011-02-06
2473,Customer_2473,Manufacturing,Small,Southwest,2020-01-28
2474,Customer_2474,Food & Beverage,Small,Midwest,2012-09-02
2475,Customer_2475,Consumer Goods,Mid-Market,South,2017-02-28
2476,Customer_2476,Manufacturing,Small,West,2011-07-08
2477,Customer_2477,Food & Beverage,Small,Northeast,2021-03-08
2478,Customer_2478,Construction,Small,Northeast,2021-06-21
2479,Customer_2479,Healthcare,Small,South,2018-08-15
2480,Customer_2480,Retail,Enterprise,Midwest,2022-07-16
2481,Customer_2481,Food & Beverage,Mid-Market,South,2016-07-20
2482,Customer_2482,Food & Beverage,Mid-Market,Northeast,2012-10-18
2483,Customer_2483,Healthcare,Mid-Market,South,2012-04-09
2484,Customer_2484,Manufacturing,Mid-Market,South,2013-04-16
2485,Customer_2485,Automotive,Enterprise,Midwest,2013-01-02
2486,Customer_2486,Manufacturing,Mid-Market,Midwest,2014-11-06
2487,Customer_2487,Healthcare,Small,Southwest,2013-03-20
2488,Customer_2488,Manufacturing,Enterprise,Southwest,2018-11-12
2489,Customer_2489,Manufacturing,Small,South,2012-03-23
2490,Customer_2490,Manufacturing,Mid-Market,Southwest,2019-04-30
2491,Customer_2491,Retail,Small,Midwest,2015-01-05
2492,Customer_2492,Retail,Small,Northeast,2020-04-20
2493,Customer_2493,Manufacturing,Small,South,2017-09-10
2494,Customer_2494,Retail,Small,West,2023-07-30
2495,Customer_2495,Retail,Small,Southwest,2016-08-06
2496,Customer_2496,Construction,Mid-Market,South,2014-06-05
2497,Customer_2497,Healthcare,Mid-Market,Northeast,2018-11-02
2498,Customer_2498,Food & Beverage,Mid-Market,Northeast,2019-11-18
2499,Customer_2499,Manufacturing,Small,Northeast,2016-08-03
2500,Customer_2500,Manufacturing,Small,West,2018-05-25
